"DateTime","Bitcoin Price Linear"
"2010-04-14 00:00:00",0.001
"2010-04-15 00:00:00",0.001
"2010-04-16 00:00:00",0.001
"2010-04-17 00:00:00",0.001
"2010-04-18 00:00:00",0.001
"2010-04-19 00:00:00",0.001
"2010-04-20 00:00:00",0.001
"2010-04-21 00:00:00",0.001
"2010-04-22 00:00:00",0.001
"2010-04-23 00:00:00",0.001
"2010-04-24 00:00:00",0.001
"2010-04-25 00:00:00",0.001
"2010-04-26 00:00:00",0.001
"2010-04-27 00:00:00",0.001
"2010-04-28 00:00:00",0.001
"2010-04-29 00:00:00",0.001
"2010-04-30 00:00:00",0.001
"2010-05-01 00:00:00",0.001
"2010-05-02 00:00:00",0.001
"2010-05-03 00:00:00",0.001
"2010-05-04 00:00:00",0.001
"2010-05-05 00:00:00",0.001
"2010-05-06 00:00:00",0.001
"2010-05-07 00:00:00",0.001
"2010-05-08 00:00:00",0.001
"2010-05-09 00:00:00",0.001
"2010-05-10 00:00:00",0.001
"2010-05-11 00:00:00",0.001
"2010-05-12 00:00:00",0.001
"2010-05-13 00:00:00",0.001
"2010-05-14 00:00:00",0.001
"2010-05-15 00:00:00",0.001
"2010-05-16 00:00:00",0.001
"2010-05-17 00:00:00",0.001
"2010-05-18 00:00:00",0.001
"2010-05-19 00:00:00",0.001
"2010-05-20 00:00:00",0.001
"2010-05-21 00:00:00",0.001
"2010-05-22 00:00:00",0.001
"2010-05-23 00:00:00",0.001
"2010-05-24 00:00:00",0.001
"2010-05-25 00:00:00",0.001
"2010-05-26 00:00:00",0.001
"2010-05-27 00:00:00",0.001
"2010-05-28 00:00:00",0.001
"2010-05-29 00:00:00",0.001
"2010-05-30 00:00:00",0.001
"2010-05-31 00:00:00",0.001
"2010-06-01 00:00:00",0.001
"2010-06-02 00:00:00",0.001
"2010-06-03 00:00:00",0.001
"2010-06-04 00:00:00",0.001
"2010-06-05 00:00:00",0.001
"2010-06-06 00:00:00",0.001
"2010-06-07 00:00:00",0.001
"2010-06-08 00:00:00",0.001
"2010-06-09 00:00:00",0.001
"2010-06-10 00:00:00",0.001
"2010-06-11 00:00:00",0.001
"2010-06-12 00:00:00",0.001
"2010-06-13 00:00:00",0.001
"2010-06-14 00:00:00",0.001
"2010-06-15 00:00:00",0.001
"2010-06-16 00:00:00",0.001
"2010-06-17 00:00:00",0.001
"2010-06-18 00:00:00",0.001
"2010-06-19 00:00:00",0.001
"2010-06-20 00:00:00",0.001
"2010-06-21 00:00:00",0.001
"2010-06-22 00:00:00",0.001
"2010-06-23 00:00:00",0.001
"2010-06-24 00:00:00",0.001
"2010-06-25 00:00:00",0.001
"2010-06-26 00:00:00",0.001
"2010-06-27 00:00:00",0.001
"2010-06-28 00:00:00",0.001
"2010-06-29 00:00:00",0.001
"2010-06-30 00:00:00",0.001
"2010-07-01 00:00:00",0.001
"2010-07-02 00:00:00",0.001
"2010-07-03 00:00:00",0.001
"2010-07-04 00:00:00",0.001
"2010-07-05 00:00:00",0.001
"2010-07-06 00:00:00",0.001
"2010-07-07 00:00:00",0.001
"2010-07-08 00:00:00",0.001
"2010-07-09 00:00:00",0.001
"2010-07-10 00:00:00",0.001
"2010-07-11 00:00:00",0.004
"2010-07-12 00:00:00",0.014
"2010-07-13 00:00:00",0.031
"2010-07-14 00:00:00",0.011
"2010-07-15 00:00:00",0.04
"2010-07-16 00:00:00",0.07
"2010-07-17 00:00:00",0.05
"2010-07-18 00:00:00",0.059
"2010-07-19 00:00:00",0.077
"2010-07-20 00:00:00",0.074
"2010-07-21 00:00:00",0.066
"2010-07-22 00:00:00",0.051
"2010-07-23 00:00:00",0.051
"2010-07-24 00:00:00",0.05
"2010-07-25 00:00:00",0.051
"2010-07-26 00:00:00",0.05
"2010-07-27 00:00:00",0.053
"2010-07-28 00:00:00",0.054
"2010-07-29 00:00:00",0.057
"2010-07-30 00:00:00",0.058
"2010-07-31 00:00:00",0.056
"2010-08-01 00:00:00",0.06
"2010-08-02 00:00:00",0.06
"2010-08-03 00:00:00",0.059
"2010-08-04 00:00:00",0.057
"2010-08-05 00:00:00",0.058
"2010-08-06 00:00:00",0.061
"2010-08-07 00:00:00",0.059
"2010-08-08 00:00:00",0.059
"2010-08-09 00:00:00",0.059
"2010-08-10 00:00:00",0.067
"2010-08-11 00:00:00",0.06
"2010-08-12 00:00:00",0.061
"2010-08-13 00:00:00",0.065
"2010-08-14 00:00:00",0.065
"2010-08-15 00:00:00",0.065
"2010-08-16 00:00:00",0.062
"2010-08-17 00:00:00",0.062
"2010-08-18 00:00:00",0.067
"2010-08-19 00:00:00",0.067
"2010-08-20 00:00:00",0.065
"2010-08-21 00:00:00",0.064
"2010-08-22 00:00:00",0.061
"2010-08-23 00:00:00",0.063
"2010-08-24 00:00:00",0.065
"2010-08-25 00:00:00",0.064
"2010-08-26 00:00:00",0.064
"2010-08-27 00:00:00",0.063
"2010-08-28 00:00:00",0.064
"2010-08-29 00:00:00",0.064
"2010-08-30 00:00:00",0.032
"2010-08-31 00:00:00",0.06
"2010-09-01 00:00:00",0.06
"2010-09-02 00:00:00",0.06
"2010-09-03 00:00:00",0.061
"2010-09-04 00:00:00",0.061
"2010-09-05 00:00:00",0.061
"2010-09-06 00:00:00",0.062
"2010-09-07 00:00:00",0.06
"2010-09-08 00:00:00",0.061
"2010-09-09 00:00:00",0.061
"2010-09-10 00:00:00",0.06
"2010-09-11 00:00:00",0.062
"2010-09-12 00:00:00",0.062
"2010-09-13 00:00:00",0.061
"2010-09-14 00:00:00",0.061
"2010-09-15 00:00:00",0.06
"2010-09-16 00:00:00",0.062
"2010-09-17 00:00:00",0.059
"2010-09-18 00:00:00",0.058
"2010-09-19 00:00:00",0.06
"2010-09-20 00:00:00",0.062
"2010-09-21 00:00:00",0.062
"2010-09-22 00:00:00",0.061
"2010-09-23 00:00:00",0.062
"2010-09-24 00:00:00",0.062
"2010-09-25 00:00:00",0.062
"2010-09-26 00:00:00",0.062
"2010-09-27 00:00:00",0.062
"2010-09-28 00:00:00",0.062
"2010-09-29 00:00:00",0.062
"2010-09-30 00:00:00",0.062
"2010-10-01 00:00:00",0.062
"2010-10-02 00:00:00",0.061
"2010-10-03 00:00:00",0.061
"2010-10-04 00:00:00",0.061
"2010-10-05 00:00:00",0.061
"2010-10-06 00:00:00",0.061
"2010-10-07 00:00:00",0.063
"2010-10-08 00:00:00",0.01
"2010-10-09 00:00:00",0.068
"2010-10-10 00:00:00",0.08
"2010-10-11 00:00:00",0.091
"2010-10-12 00:00:00",0.082
"2010-10-13 00:00:00",0.092
"2010-10-14 00:00:00",0.065
"2010-10-15 00:00:00",0.092
"2010-10-16 00:00:00",0.1
"2010-10-17 00:00:00",0.1
"2010-10-18 00:00:00",0.097
"2010-10-19 00:00:00",0.097
"2010-10-20 00:00:00",0.094
"2010-10-21 00:00:00",0.097
"2010-10-22 00:00:00",0.102
"2010-10-23 00:00:00",0.104
"2010-10-24 00:00:00",0.108
"2010-10-25 00:00:00",0.09
"2010-10-26 00:00:00",0.133
"2010-10-27 00:00:00",0.151
"2010-10-28 00:00:00",0.173
"2010-10-29 00:00:00",0.173
"2010-10-30 00:00:00",0.188
"2010-10-31 00:00:00",0.171
"2010-11-01 00:00:00",0.172
"2010-11-02 00:00:00",0.191
"2010-11-03 00:00:00",0.125
"2010-11-04 00:00:00",0.193
"2010-11-05 00:00:00",0.21
"2010-11-06 00:00:00",0.24
"2010-11-07 00:00:00",0.286
"2010-11-08 00:00:00",0.226
"2010-11-09 00:00:00",0.199
"2010-11-10 00:00:00",0.14
"2010-11-11 00:00:00",0.21
"2010-11-12 00:00:00",0.223
"2010-11-13 00:00:00",0.268
"2010-11-14 00:00:00",0.27
"2010-11-15 00:00:00",0.268
"2010-11-16 00:00:00",0.223
"2010-11-17 00:00:00",0.212
"2010-11-18 00:00:00",0.222
"2010-11-19 00:00:00",0.268
"2010-11-20 00:00:00",0.268
"2010-11-21 00:00:00",0.276
"2010-11-22 00:00:00",0.269
"2010-11-23 00:00:00",0.276
"2010-11-24 00:00:00",0.276
"2010-11-25 00:00:00",0.278
"2010-11-26 00:00:00",0.276
"2010-11-27 00:00:00",0.283
"2010-11-28 00:00:00",0.27
"2010-11-29 00:00:00",0.215
"2010-11-30 00:00:00",0.204
"2010-12-01 00:00:00",0.21
"2010-12-02 00:00:00",0.218
"2010-12-03 00:00:00",0.243
"2010-12-04 00:00:00",0.205
"2010-12-05 00:00:00",0.19
"2010-12-06 00:00:00",0.184
"2010-12-07 00:00:00",0.17
"2010-12-08 00:00:00",0.22
"2010-12-09 00:00:00",0.17
"2010-12-10 00:00:00",0.183
"2010-12-11 00:00:00",0.191
"2010-12-12 00:00:00",0.207
"2010-12-13 00:00:00",0.21
"2010-12-14 00:00:00",0.21
"2010-12-15 00:00:00",0.238
"2010-12-16 00:00:00",0.222
"2010-12-17 00:00:00",0.24
"2010-12-18 00:00:00",0.241
"2010-12-19 00:00:00",0.24
"2010-12-20 00:00:00",0.24
"2010-12-21 00:00:00",0.24
"2010-12-22 00:00:00",0.244
"2010-12-23 00:00:00",0.241
"2010-12-24 00:00:00",0.242
"2010-12-25 00:00:00",0.248
"2010-12-26 00:00:00",0.246
"2010-12-27 00:00:00",0.251
"2010-12-28 00:00:00",0.261
"2010-12-29 00:00:00",0.271
"2010-12-30 00:00:00",0.291
"2010-12-31 00:00:00",0.292
"2011-01-01 00:00:00",0.292
"2011-01-02 00:00:00",0.289
"2011-01-03 00:00:00",0.29
"2011-01-04 00:00:00",0.289
"2011-01-05 00:00:00",0.29
"2011-01-06 00:00:00",0.29
"2011-01-07 00:00:00",0.298
"2011-01-08 00:00:00",0.309
"2011-01-09 00:00:00",0.323
"2011-01-10 00:00:00",0.318
"2011-01-11 00:00:00",0.318
"2011-01-12 00:00:00",0.318
"2011-01-13 00:00:00",0.318
"2011-01-14 00:00:00",0.318
"2011-01-15 00:00:00",0.385
"2011-01-16 00:00:00",0.386
"2011-01-17 00:00:00",0.315
"2011-01-18 00:00:00",0.305
"2011-01-19 00:00:00",0.305
"2011-01-20 00:00:00",0.31
"2011-01-21 00:00:00",0.368
"2011-01-22 00:00:00",0.39
"2011-01-23 00:00:00",0.42
"2011-01-24 00:00:00",0.381
"2011-01-25 00:00:00",0.4
"2011-01-26 00:00:00",0.39
"2011-01-27 00:00:00",0.409
"2011-01-28 00:00:00",0.421
"2011-01-29 00:00:00",0.43
"2011-01-30 00:00:00",0.445
"2011-01-31 00:00:00",0.47
"2011-02-01 00:00:00",0.52
"2011-02-02 00:00:00",0.69
"2011-02-03 00:00:00",0.65
"2011-02-04 00:00:00",0.67
"2011-02-05 00:00:00",0.812
"2011-02-06 00:00:00",0.83
"2011-02-07 00:00:00",0.83
"2011-02-08 00:00:00",0.862
"2011-02-09 00:00:00",0.82
"2011-02-10 00:00:00",0.8
"2011-02-11 00:00:00",0.926
"2011-02-12 00:00:00",0.991
"2011-02-13 00:00:00",1.02
"2011-02-14 00:00:00",1.033
"2011-02-15 00:00:00",1.035
"2011-02-16 00:00:00",1.02
"2011-02-17 00:00:00",1.02
"2011-02-18 00:00:00",0.78
"2011-02-19 00:00:00",0.838
"2011-02-20 00:00:00",0.83
"2011-02-21 00:00:00",0.831
"2011-02-22 00:00:00",0.831
"2011-02-23 00:00:00",0.868
"2011-02-24 00:00:00",0.9
"2011-02-25 00:00:00",0.911
"2011-02-26 00:00:00",0.911
"2011-02-27 00:00:00",0.89
"2011-02-28 00:00:00",0.845
"2011-03-01 00:00:00",0.85
"2011-03-02 00:00:00",0.91
"2011-03-03 00:00:00",0.91
"2011-03-04 00:00:00",0.9
"2011-03-05 00:00:00",0.811
"2011-03-06 00:00:00",0.81
"2011-03-07 00:00:00",0.846
"2011-03-08 00:00:00",0.85
"2011-03-09 00:00:00",0.85
"2011-03-10 00:00:00",0.85
"2011-03-11 00:00:00",0.86
"2011-03-12 00:00:00",0.88
"2011-03-13 00:00:00",0.89
"2011-03-14 00:00:00",0.88
"2011-03-15 00:00:00",0.87
"2011-03-16 00:00:00",0.836
"2011-03-17 00:00:00",0.81
"2011-03-18 00:00:00",0.71
"2011-03-19 00:00:00",0.731
"2011-03-20 00:00:00",0.74
"2011-03-21 00:00:00",0.741
"2011-03-22 00:00:00",0.741
"2011-03-23 00:00:00",0.78
"2011-03-24 00:00:00",0.827
"2011-03-25 00:00:00",0.861
"2011-03-26 00:00:00",0.841
"2011-03-27 00:00:00",0.815
"2011-03-28 00:00:00",0.76
"2011-03-29 00:00:00",0.765
"2011-03-30 00:00:00",0.766
"2011-03-31 00:00:00",0.768
"2011-04-01 00:00:00",0.774
"2011-04-02 00:00:00",0.774
"2011-04-03 00:00:00",0.777
"2011-04-04 00:00:00",0.562
"2011-04-05 00:00:00",0.58
"2011-04-06 00:00:00",0.69
"2011-04-07 00:00:00",0.721
"2011-04-08 00:00:00",0.731
"2011-04-09 00:00:00",0.721
"2011-04-10 00:00:00",0.71
"2011-04-11 00:00:00",0.71
"2011-04-12 00:00:00",0.77
"2011-04-13 00:00:00",0.86
"2011-04-14 00:00:00",0.91
"2011-04-15 00:00:00",0.911
"2011-04-16 00:00:00",0.954
"2011-04-17 00:00:00",1.026
"2011-04-18 00:00:00",1.11
"2011-04-19 00:00:00",1.144
"2011-04-20 00:00:00",1.13
"2011-04-21 00:00:00",1.14
"2011-04-22 00:00:00",1.189
"2011-04-23 00:00:00",1.32
"2011-04-24 00:00:00",1.6
"2011-04-25 00:00:00",1.521
"2011-04-26 00:00:00",1.53
"2011-04-27 00:00:00",1.72
"2011-04-28 00:00:00",1.66
"2011-04-29 00:00:00",2.21
"2011-04-30 00:00:00",2.75
"2011-05-01 00:00:00",2.5
"2011-05-02 00:00:00",3.029
"2011-05-03 00:00:00",3.11
"2011-05-04 00:00:00",3.25
"2011-05-05 00:00:00",3.333
"2011-05-06 00:00:00",3.29
"2011-05-07 00:00:00",3.425
"2011-05-08 00:00:00",3.63
"2011-05-09 00:00:00",3.691
"2011-05-10 00:00:00",3.81
"2011-05-11 00:00:00",4.6
"2011-05-12 00:00:00",5.22
"2011-05-13 00:00:00",6.32
"2011-05-14 00:00:00",5.83
"2011-05-15 00:00:00",6.2
"2011-05-16 00:00:00",6.75
"2011-05-17 00:00:00",6.98
"2011-05-18 00:00:00",6.6
"2011-05-19 00:00:00",6.607
"2011-05-20 00:00:00",5.577
"2011-05-21 00:00:00",5.577
"2011-05-22 00:00:00",5.99
"2011-05-23 00:00:00",6.69
"2011-05-24 00:00:00",6.96
"2011-05-25 00:00:00",7.216
"2011-05-26 00:00:00",8.01
"2011-05-27 00:00:00",8.5
"2011-05-28 00:00:00",8.11
"2011-05-29 00:00:00",8.102
"2011-05-30 00:00:00",8.25
"2011-05-31 00:00:00",8.1
"2011-06-01 00:00:00",8.3
"2011-06-02 00:00:00",9.5
"2011-06-03 00:00:00",10.575
"2011-06-04 00:00:00",14.04
"2011-06-05 00:00:00",16.2
"2011-06-06 00:00:00",16.451
"2011-06-07 00:00:00",18.26
"2011-06-08 00:00:00",22.214
"2011-06-09 00:00:00",26.151
"2011-06-10 00:00:00",20.01
"2011-06-11 00:00:00",13.0
"2011-06-12 00:00:00",10.25
"2011-06-13 00:00:00",16.0
"2011-06-14 00:00:00",18.001
"2011-06-15 00:00:00",19.022
"2011-06-16 00:00:00",17.0
"2011-06-17 00:00:00",13.0
"2011-06-18 00:00:00",15.052
"2011-06-19 00:00:00",16.85
"2011-06-20 00:00:00",16.22
"2011-06-21 00:00:00",15.89
"2011-06-22 00:00:00",15.45
"2011-06-23 00:00:00",15.03
"2011-06-24 00:00:00",14.72
"2011-06-25 00:00:00",14.27
"2011-06-26 00:00:00",16.5
"2011-06-27 00:00:00",16.8
"2011-06-28 00:00:00",17.0
"2011-06-29 00:00:00",16.9
"2011-06-30 00:00:00",16.1
"2011-07-01 00:00:00",15.4
"2011-07-02 00:00:00",15.4
"2011-07-03 00:00:00",15.4
"2011-07-04 00:00:00",13.9
"2011-07-05 00:00:00",12.9
"2011-07-06 00:00:00",14.8
"2011-07-07 00:00:00",14.8
"2011-07-08 00:00:00",14.3
"2011-07-09 00:00:00",14.4
"2011-07-10 00:00:00",14.9
"2011-07-11 00:00:00",14.2
"2011-07-12 00:00:00",14.0
"2011-07-13 00:00:00",13.9
"2011-07-14 00:00:00",14.0
"2011-07-15 00:00:00",13.8
"2011-07-16 00:00:00",13.7
"2011-07-17 00:00:00",13.2
"2011-07-18 00:00:00",13.5
"2011-07-19 00:00:00",13.9
"2011-07-20 00:00:00",13.7
"2011-07-21 00:00:00",13.6
"2011-07-22 00:00:00",13.7
"2011-07-23 00:00:00",13.7
"2011-07-24 00:00:00",14.0
"2011-07-25 00:00:00",14.1
"2011-07-26 00:00:00",13.9
"2011-07-27 00:00:00",13.9
"2011-07-28 00:00:00",13.5
"2011-07-29 00:00:00",13.5
"2011-07-30 00:00:00",13.5
"2011-07-31 00:00:00",13.4
"2011-08-01 00:00:00",13.1
"2011-08-02 00:00:00",12.1
"2011-08-03 00:00:00",9.3
"2011-08-04 00:00:00",10.8
"2011-08-05 00:00:00",9.8
"2011-08-06 00:00:00",6.6
"2011-08-07 00:00:00",7.9
"2011-08-08 00:00:00",7.8
"2011-08-09 00:00:00",10.0
"2011-08-10 00:00:00",10.0
"2011-08-11 00:00:00",9.5
"2011-08-12 00:00:00",9.5
"2011-08-13 00:00:00",10.1
"2011-08-14 00:00:00",10.8
"2011-08-15 00:00:00",11.1
"2011-08-16 00:00:00",11.0
"2011-08-17 00:00:00",10.9
"2011-08-18 00:00:00",10.9
"2011-08-19 00:00:00",11.69
"2011-08-20 00:00:00",11.7
"2011-08-21 00:00:00",11.7
"2011-08-22 00:00:00",11.7
"2011-08-23 00:00:00",10.9
"2011-08-24 00:00:00",10.5
"2011-08-25 00:00:00",10.0
"2011-08-26 00:00:00",8.2
"2011-08-27 00:00:00",8.6
"2011-08-28 00:00:00",9.1
"2011-08-29 00:00:00",9.0
"2011-08-30 00:00:00",8.0
"2011-08-31 00:00:00",8.2
"2011-09-01 00:00:00",8.22
"2011-09-02 00:00:00",8.88
"2011-09-03 00:00:00",8.5
"2011-09-04 00:00:00",8.89
"2011-09-05 00:00:00",7.6
"2011-09-06 00:00:00",8.0
"2011-09-07 00:00:00",8.5
"2011-09-08 00:00:00",7.4
"2011-09-09 00:00:00",5.0
"2011-09-10 00:00:00",4.8
"2011-09-11 00:00:00",5.9
"2011-09-12 00:00:00",6.1
"2011-09-13 00:00:00",5.97
"2011-09-14 00:00:00",5.53
"2011-09-15 00:00:00",5.13
"2011-09-16 00:00:00",4.85
"2011-09-17 00:00:00",4.87
"2011-09-18 00:00:00",4.92
"2011-09-19 00:00:00",4.9
"2011-09-20 00:00:00",5.66
"2011-09-21 00:00:00",5.66
"2011-09-22 00:00:00",5.72
"2011-09-23 00:00:00",5.72
"2011-09-24 00:00:00",5.68
"2011-09-25 00:00:00",6.05
"2011-09-26 00:00:00",4.8
"2011-09-27 00:00:00",4.92
"2011-09-28 00:00:00",4.82
"2011-09-29 00:00:00",4.82
"2011-09-30 00:00:00",5.1
"2011-10-01 00:00:00",5.0
"2011-10-02 00:00:00",5.0
"2011-10-03 00:00:00",4.87
"2011-10-04 00:00:00",4.98
"2011-10-05 00:00:00",4.92
"2011-10-06 00:00:00",4.8
"2011-10-07 00:00:00",4.61
"2011-10-08 00:00:00",3.99
"2011-10-09 00:00:00",3.89
"2011-10-10 00:00:00",4.51
"2011-10-11 00:00:00",4.1
"2011-10-12 00:00:00",3.93
"2011-10-13 00:00:00",3.97
"2011-10-14 00:00:00",4.05
"2011-10-15 00:00:00",3.8
"2011-10-16 00:00:00",3.6
"2011-10-17 00:00:00",3.92
"2011-10-18 00:00:00",2.4
"2011-10-19 00:00:00",2.3
"2011-10-20 00:00:00",2.24
"2011-10-21 00:00:00",2.27
"2011-10-22 00:00:00",3.2
"2011-10-23 00:00:00",3.2
"2011-10-24 00:00:00",2.92
"2011-10-25 00:00:00",2.72
"2011-10-26 00:00:00",2.69
"2011-10-27 00:00:00",3.0
"2011-10-28 00:00:00",4.2
"2011-10-29 00:00:00",3.95
"2011-10-30 00:00:00",3.5
"2011-10-31 00:00:00",3.3
"2011-11-01 00:00:00",3.33
"2011-11-02 00:00:00",3.3
"2011-11-03 00:00:00",3.2
"2011-11-04 00:00:00",3.55
"2011-11-05 00:00:00",3.0
"2011-11-06 00:00:00",2.95
"2011-11-07 00:00:00",3.0
"2011-11-08 00:00:00",3.08
"2011-11-09 00:00:00",3.3
"2011-11-10 00:00:00",3.3
"2011-11-11 00:00:00",3.3
"2011-11-12 00:00:00",3.35
"2011-11-13 00:00:00",3.35
"2011-11-14 00:00:00",2.47
"2011-11-15 00:00:00",2.5
"2011-11-16 00:00:00",3.0
"2011-11-17 00:00:00",2.99
"2011-11-18 00:00:00",2.5
"2011-11-19 00:00:00",2.43
"2011-11-20 00:00:00",2.37
"2011-11-21 00:00:00",2.25
"2011-11-22 00:00:00",2.59
"2011-11-23 00:00:00",2.3
"2011-11-24 00:00:00",3.0
"2011-11-25 00:00:00",2.75
"2011-11-26 00:00:00",2.77
"2011-11-27 00:00:00",2.5
"2011-11-28 00:00:00",2.66
"2011-11-29 00:00:00",2.72
"2011-11-30 00:00:00",3.19
"2011-12-01 00:00:00",3.42
"2011-12-02 00:00:00",3.04
"2011-12-03 00:00:00",2.93
"2011-12-04 00:00:00",2.8
"2011-12-05 00:00:00",2.93
"2011-12-06 00:00:00",2.98
"2011-12-07 00:00:00",3.3
"2011-12-08 00:00:00",3.3
"2011-12-09 00:00:00",3.0
"2011-12-10 00:00:00",3.2
"2011-12-11 00:00:00",3.27
"2011-12-12 00:00:00",3.48
"2011-12-13 00:00:00",3.56
"2011-12-14 00:00:00",3.47
"2011-12-15 00:00:00",3.45
"2011-12-16 00:00:00",3.44
"2011-12-17 00:00:00",3.2
"2011-12-18 00:00:00",3.5
"2011-12-19 00:00:00",3.85
"2011-12-20 00:00:00",4.55
"2011-12-21 00:00:00",4.38
"2011-12-22 00:00:00",4.17
"2011-12-23 00:00:00",4.22
"2011-12-24 00:00:00",4.33
"2011-12-25 00:00:00",4.27
"2011-12-26 00:00:00",4.33
"2011-12-27 00:00:00",4.29
"2011-12-28 00:00:00",4.3
"2011-12-29 00:00:00",4.5
"2011-12-30 00:00:00",4.21
"2011-12-31 00:00:00",4.58
"2012-01-01 00:00:00",5.0
"2012-01-02 00:00:00",5.0
"2012-01-03 00:00:00",5.29
"2012-01-04 00:00:00",5.57
"2012-01-05 00:00:00",6.65
"2012-01-06 00:00:00",6.0
"2012-01-07 00:00:00",6.8
"2012-01-08 00:00:00",7.0
"2012-01-09 00:00:00",6.3
"2012-01-10 00:00:00",7.14
"2012-01-11 00:00:00",7.0
"2012-01-12 00:00:00",6.51
"2012-01-13 00:00:00",6.6
"2012-01-14 00:00:00",6.3
"2012-01-15 00:00:00",7.15
"2012-01-16 00:00:00",7.1
"2012-01-17 00:00:00",6.0
"2012-01-18 00:00:00",7.1
"2012-01-19 00:00:00",6.22
"2012-01-20 00:00:00",6.95
"2012-01-21 00:00:00",6.77
"2012-01-22 00:00:00",6.79
"2012-01-23 00:00:00",6.52
"2012-01-24 00:00:00",6.55
"2012-01-25 00:00:00",6.31
"2012-01-26 00:00:00",5.5
"2012-01-27 00:00:00",5.88
"2012-01-28 00:00:00",4.91
"2012-01-29 00:00:00",5.5
"2012-01-30 00:00:00",5.58
"2012-01-31 00:00:00",5.3
"2012-02-01 00:00:00",5.88
"2012-02-02 00:00:00",6.28
"2012-02-03 00:00:00",6.3
"2012-02-04 00:00:00",5.94
"2012-02-05 00:00:00",5.6
"2012-02-06 00:00:00",5.6
"2012-02-07 00:00:00",5.69
"2012-02-08 00:00:00",5.87
"2012-02-09 00:00:00",5.89
"2012-02-10 00:00:00",5.88
"2012-02-11 00:00:00",5.5
"2012-02-12 00:00:00",5.67
"2012-02-13 00:00:00",5.79
"2012-02-14 00:00:00",4.89
"2012-02-15 00:00:00",4.69
"2012-02-16 00:00:00",4.51
"2012-02-17 00:00:00",4.67
"2012-02-18 00:00:00",4.23
"2012-02-19 00:00:00",4.38
"2012-02-20 00:00:00",4.44
"2012-02-21 00:00:00",4.58
"2012-02-22 00:00:00",4.51
"2012-02-23 00:00:00",5.22
"2012-02-24 00:00:00",4.95
"2012-02-25 00:00:00",5.0
"2012-02-26 00:00:00",4.98
"2012-02-27 00:00:00",5.04
"2012-02-28 00:00:00",4.88
"2012-02-29 00:00:00",4.99
"2012-03-01 00:00:00",5.0
"2012-03-02 00:00:00",4.79
"2012-03-03 00:00:00",4.65
"2012-03-04 00:00:00",4.81
"2012-03-05 00:00:00",5.06
"2012-03-06 00:00:00",4.98
"2012-03-07 00:00:00",4.93
"2012-03-08 00:00:00",5.01
"2012-03-09 00:00:00",4.93
"2012-03-10 00:00:00",4.94
"2012-03-11 00:00:00",5.0
"2012-03-12 00:00:00",4.99
"2012-03-13 00:00:00",5.3
"2012-03-14 00:00:00",5.27
"2012-03-15 00:00:00",5.39
"2012-03-16 00:00:00",5.26
"2012-03-17 00:00:00",5.42
"2012-03-18 00:00:00",5.25
"2012-03-19 00:00:00",4.83
"2012-03-20 00:00:00",4.79
"2012-03-21 00:00:00",4.96
"2012-03-22 00:00:00",4.91
"2012-03-23 00:00:00",4.78
"2012-03-24 00:00:00",4.83
"2012-03-25 00:00:00",4.54
"2012-03-26 00:00:00",4.73
"2012-03-27 00:00:00",4.84
"2012-03-28 00:00:00",4.93
"2012-03-29 00:00:00",4.84
"2012-03-30 00:00:00",4.88
"2012-03-31 00:00:00",4.9
"2012-04-01 00:00:00",4.89
"2012-04-02 00:00:00",5.04
"2012-04-03 00:00:00",4.99
"2012-04-04 00:00:00",5.01
"2012-04-05 00:00:00",5.0
"2012-04-06 00:00:00",4.99
"2012-04-07 00:00:00",4.7
"2012-04-08 00:00:00",4.76
"2012-04-09 00:00:00",4.75
"2012-04-10 00:00:00",4.8
"2012-04-11 00:00:00",4.92
"2012-04-12 00:00:00",4.93
"2012-04-13 00:00:00",4.93
"2012-04-14 00:00:00",4.96
"2012-04-15 00:00:00",4.99
"2012-04-16 00:00:00",4.98
"2012-04-17 00:00:00",4.98
"2012-04-18 00:00:00",5.16
"2012-04-19 00:00:00",5.13
"2012-04-20 00:00:00",5.38
"2012-04-21 00:00:00",5.24
"2012-04-22 00:00:00",5.17
"2012-04-23 00:00:00",5.0
"2012-04-24 00:00:00",5.08
"2012-04-25 00:00:00",5.14
"2012-04-26 00:00:00",4.98
"2012-04-27 00:00:00",5.04
"2012-04-28 00:00:00",4.91
"2012-04-29 00:00:00",4.91
"2012-04-30 00:00:00",5.0
"2012-05-01 00:00:00",4.97
"2012-05-02 00:00:00",5.06
"2012-05-03 00:00:00",5.1
"2012-05-04 00:00:00",5.07
"2012-05-05 00:00:00",5.04
"2012-05-06 00:00:00",5.08
"2012-05-07 00:00:00",5.05
"2012-05-08 00:00:00",5.02
"2012-05-09 00:00:00",5.02
"2012-05-10 00:00:00",4.87
"2012-05-11 00:00:00",4.95
"2012-05-12 00:00:00",4.91
"2012-05-13 00:00:00",4.94
"2012-05-14 00:00:00",4.93
"2012-05-15 00:00:00",4.95
"2012-05-16 00:00:00",5.04
"2012-05-17 00:00:00",5.02
"2012-05-18 00:00:00",5.07
"2012-05-19 00:00:00",5.07
"2012-05-20 00:00:00",5.03
"2012-05-21 00:00:00",5.08
"2012-05-22 00:00:00",5.03
"2012-05-23 00:00:00",5.1
"2012-05-24 00:00:00",5.12
"2012-05-25 00:00:00",5.08
"2012-05-26 00:00:00",5.07
"2012-05-27 00:00:00",5.07
"2012-05-28 00:00:00",5.07
"2012-05-29 00:00:00",5.11
"2012-05-30 00:00:00",5.14
"2012-05-31 00:00:00",5.17
"2012-06-01 00:00:00",5.22
"2012-06-02 00:00:00",5.19
"2012-06-03 00:00:00",5.19
"2012-06-04 00:00:00",5.22
"2012-06-05 00:00:00",5.37
"2012-06-06 00:00:00",5.41
"2012-06-07 00:00:00",5.53
"2012-06-08 00:00:00",5.61
"2012-06-09 00:00:00",5.48
"2012-06-10 00:00:00",5.42
"2012-06-11 00:00:00",5.52
"2012-06-12 00:00:00",5.71
"2012-06-13 00:00:00",5.86
"2012-06-14 00:00:00",5.9
"2012-06-15 00:00:00",6.42
"2012-06-16 00:00:00",6.41
"2012-06-17 00:00:00",6.19
"2012-06-18 00:00:00",6.06
"2012-06-19 00:00:00",6.46
"2012-06-20 00:00:00",6.64
"2012-06-21 00:00:00",6.64
"2012-06-22 00:00:00",6.59
"2012-06-23 00:00:00",6.45
"2012-06-24 00:00:00",6.4
"2012-06-25 00:00:00",6.26
"2012-06-26 00:00:00",6.41
"2012-06-27 00:00:00",6.49
"2012-06-28 00:00:00",6.5
"2012-06-29 00:00:00",6.52
"2012-06-30 00:00:00",6.61
"2012-07-01 00:00:00",6.52
"2012-07-02 00:00:00",6.61
"2012-07-03 00:00:00",6.44
"2012-07-04 00:00:00",6.44
"2012-07-05 00:00:00",6.6
"2012-07-06 00:00:00",6.59
"2012-07-07 00:00:00",6.79
"2012-07-08 00:00:00",6.73
"2012-07-09 00:00:00",6.94
"2012-07-10 00:00:00",7.08
"2012-07-11 00:00:00",7.14
"2012-07-12 00:00:00",7.59
"2012-07-13 00:00:00",7.59
"2012-07-14 00:00:00",7.55
"2012-07-15 00:00:00",7.57
"2012-07-16 00:00:00",8.3
"2012-07-17 00:00:00",8.55
"2012-07-18 00:00:00",9.0
"2012-07-19 00:00:00",8.76
"2012-07-20 00:00:00",8.44
"2012-07-21 00:00:00",8.74
"2012-07-22 00:00:00",8.42
"2012-07-23 00:00:00",8.59
"2012-07-24 00:00:00",8.61
"2012-07-25 00:00:00",8.64
"2012-07-26 00:00:00",8.75
"2012-07-27 00:00:00",8.83
"2012-07-28 00:00:00",8.88
"2012-07-29 00:00:00",8.71
"2012-07-30 00:00:00",9.0
"2012-07-31 00:00:00",9.28
"2012-08-01 00:00:00",9.45
"2012-08-02 00:00:00",10.44
"2012-08-03 00:00:00",10.79
"2012-08-04 00:00:00",10.51
"2012-08-05 00:00:00",10.71
"2012-08-06 00:00:00",10.84
"2012-08-07 00:00:00",10.75
"2012-08-08 00:00:00",10.99
"2012-08-09 00:00:00",11.0
"2012-08-10 00:00:00",11.32
"2012-08-11 00:00:00",11.38
"2012-08-12 00:00:00",11.49
"2012-08-13 00:00:00",11.89
"2012-08-14 00:00:00",12.25
"2012-08-15 00:00:00",13.01
"2012-08-16 00:00:00",13.42
"2012-08-17 00:00:00",12.5
"2012-08-18 00:00:00",11.54
"2012-08-19 00:00:00",8.06
"2012-08-20 00:00:00",10.05
"2012-08-21 00:00:00",10.18
"2012-08-22 00:00:00",9.96
"2012-08-23 00:00:00",10.02
"2012-08-24 00:00:00",10.37
"2012-08-25 00:00:00",10.57
"2012-08-26 00:00:00",10.31
"2012-08-27 00:00:00",10.78
"2012-08-28 00:00:00",11.0
"2012-08-29 00:00:00",10.78
"2012-08-30 00:00:00",10.65
"2012-08-31 00:00:00",10.16
"2012-09-01 00:00:00",9.91
"2012-09-02 00:00:00",10.18
"2012-09-03 00:00:00",10.55
"2012-09-04 00:00:00",10.36
"2012-09-05 00:00:00",10.99
"2012-09-06 00:00:00",11.02
"2012-09-07 00:00:00",11.03
"2012-09-08 00:00:00",10.97
"2012-09-09 00:00:00",10.98
"2012-09-10 00:00:00",10.95
"2012-09-11 00:00:00",11.04
"2012-09-12 00:00:00",11.14
"2012-09-13 00:00:00",11.3
"2012-09-14 00:00:00",11.5
"2012-09-15 00:00:00",11.63
"2012-09-16 00:00:00",11.75
"2012-09-17 00:00:00",11.85
"2012-09-18 00:00:00",11.91
"2012-09-19 00:00:00",12.32
"2012-09-20 00:00:00",12.28
"2012-09-21 00:00:00",12.19
"2012-09-22 00:00:00",11.97
"2012-09-23 00:00:00",11.99
"2012-09-24 00:00:00",11.9
"2012-09-25 00:00:00",11.75
"2012-09-26 00:00:00",12.2
"2012-09-27 00:00:00",12.22
"2012-09-28 00:00:00",12.28
"2012-09-29 00:00:00",12.28
"2012-09-30 00:00:00",12.22
"2012-10-01 00:00:00",12.14
"2012-10-02 00:00:00",12.64
"2012-10-03 00:00:00",12.9
"2012-10-04 00:00:00",12.57
"2012-10-05 00:00:00",12.5
"2012-10-06 00:00:00",12.39
"2012-10-07 00:00:00",11.71
"2012-10-08 00:00:00",11.62
"2012-10-09 00:00:00",11.99
"2012-10-10 00:00:00",12.24
"2012-10-11 00:00:00",12.09
"2012-10-12 00:00:00",11.9
"2012-10-13 00:00:00",11.85
"2012-10-14 00:00:00",11.79
"2012-10-15 00:00:00",11.66
"2012-10-16 00:00:00",11.92
"2012-10-17 00:00:00",11.88
"2012-10-18 00:00:00",11.8
"2012-10-19 00:00:00",11.67
"2012-10-20 00:00:00",11.6
"2012-10-21 00:00:00",11.32
"2012-10-22 00:00:00",11.49
"2012-10-23 00:00:00",11.58
"2012-10-24 00:00:00",11.4
"2012-10-25 00:00:00",10.55
"2012-10-26 00:00:00",10.0
"2012-10-27 00:00:00",10.43
"2012-10-28 00:00:00",10.54
"2012-10-29 00:00:00",10.8
"2012-10-30 00:00:00",10.8
"2012-10-31 00:00:00",11.0
"2012-11-01 00:00:00",10.85
"2012-11-02 00:00:00",10.67
"2012-11-03 00:00:00",10.66
"2012-11-04 00:00:00",10.64
"2012-11-05 00:00:00",10.78
"2012-11-06 00:00:00",10.74
"2012-11-07 00:00:00",10.8
"2012-11-08 00:00:00",10.81
"2012-11-09 00:00:00",10.8
"2012-11-10 00:00:00",10.81
"2012-11-11 00:00:00",10.82
"2012-11-12 00:00:00",10.87
"2012-11-13 00:00:00",10.87
"2012-11-14 00:00:00",10.97
"2012-11-15 00:00:00",11.05
"2012-11-16 00:00:00",11.46
"2012-11-17 00:00:00",11.57
"2012-11-18 00:00:00",11.51
"2012-11-19 00:00:00",11.65
"2012-11-20 00:00:00",11.65
"2012-11-21 00:00:00",11.67
"2012-11-22 00:00:00",11.88
"2012-11-23 00:00:00",12.16
"2012-11-24 00:00:00",12.25
"2012-11-25 00:00:00",12.31
"2012-11-26 00:00:00",12.2
"2012-11-27 00:00:00",12.07
"2012-11-28 00:00:00",12.22
"2012-11-29 00:00:00",12.37
"2012-11-30 00:00:00",12.43
"2012-12-01 00:00:00",12.34
"2012-12-02 00:00:00",12.42
"2012-12-03 00:00:00",12.6
"2012-12-04 00:00:00",12.59
"2012-12-05 00:00:00",13.2
"2012-12-06 00:00:00",13.45
"2012-12-07 00:00:00",13.37
"2012-12-08 00:00:00",13.36
"2012-12-09 00:00:00",13.29
"2012-12-10 00:00:00",13.3
"2012-12-11 00:00:00",13.35
"2012-12-12 00:00:00",13.49
"2012-12-13 00:00:00",13.52
"2012-12-14 00:00:00",13.51
"2012-12-15 00:00:00",13.38
"2012-12-16 00:00:00",13.27
"2012-12-17 00:00:00",13.2
"2012-12-18 00:00:00",13.13
"2012-12-19 00:00:00",13.4
"2012-12-20 00:00:00",13.35
"2012-12-21 00:00:00",13.2
"2012-12-22 00:00:00",13.2
"2012-12-23 00:00:00",13.14
"2012-12-24 00:00:00",13.23
"2012-12-25 00:00:00",13.24
"2012-12-26 00:00:00",13.18
"2012-12-27 00:00:00",13.2
"2012-12-28 00:00:00",13.18
"2012-12-29 00:00:00",13.22
"2012-12-30 00:00:00",13.2
"2012-12-31 00:00:00",13.24
"2013-01-01 00:00:00",13.22
"2013-01-02 00:00:00",13.09
"2013-01-03 00:00:00",13.19
"2013-01-04 00:00:00",13.19
"2013-01-05 00:00:00",13.15
"2013-01-06 00:00:00",13.15
"2013-01-07 00:00:00",13.2
"2013-01-08 00:00:00",13.5
"2013-01-09 00:00:00",13.58
"2013-01-10 00:00:00",14.0
"2013-01-11 00:00:00",14.0
"2013-01-12 00:00:00",13.89
"2013-01-13 00:00:00",13.64
"2013-01-14 00:00:00",14.1
"2013-01-15 00:00:00",14.2
"2013-01-16 00:00:00",14.53
"2013-01-17 00:00:00",15.36
"2013-01-18 00:00:00",15.57
"2013-01-19 00:00:00",15.38
"2013-01-20 00:00:00",15.5
"2013-01-21 00:00:00",16.52
"2013-01-22 00:00:00",17.35
"2013-01-23 00:00:00",17.5
"2013-01-24 00:00:00",17.29
"2013-01-25 00:00:00",17.49
"2013-01-26 00:00:00",17.49
"2013-01-27 00:00:00",17.6
"2013-01-28 00:00:00",18.67
"2013-01-29 00:00:00",19.35
"2013-01-30 00:00:00",19.45
"2013-01-31 00:00:00",20.46
"2013-02-01 00:00:00",20.35
"2013-02-02 00:00:00",19.82
"2013-02-03 00:00:00",20.29
"2013-02-04 00:00:00",20.3
"2013-02-05 00:00:00",20.5
"2013-02-06 00:00:00",20.91
"2013-02-07 00:00:00",21.71
"2013-02-08 00:00:00",22.4
"2013-02-09 00:00:00",23.14
"2013-02-10 00:00:00",23.7
"2013-02-11 00:00:00",23.94
"2013-02-12 00:00:00",25.47
"2013-02-13 00:00:00",25.0
"2013-02-14 00:00:00",27.4
"2013-02-15 00:00:00",27.0
"2013-02-16 00:00:00",27.5
"2013-02-17 00:00:00",26.98
"2013-02-18 00:00:00",26.92
"2013-02-19 00:00:00",29.39
"2013-02-20 00:00:00",30.0
"2013-02-21 00:00:00",30.0
"2013-02-22 00:00:00",30.4
"2013-02-23 00:00:00",29.54
"2013-02-24 00:00:00",29.78
"2013-02-25 00:00:00",30.43
"2013-02-26 00:00:00",31.1
"2013-02-27 00:00:00",31.31
"2013-02-28 00:00:00",33.53
"2013-03-01 00:00:00",34.55
"2013-03-02 00:00:00",34.16
"2013-03-03 00:00:00",34.33
"2013-03-04 00:00:00",36.52
"2013-03-05 00:00:00",40.75
"2013-03-06 00:00:00",42.32
"2013-03-07 00:00:00",41.68
"2013-03-08 00:00:00",43.76
"2013-03-09 00:00:00",46.0
"2013-03-10 00:00:00",45.29
"2013-03-11 00:00:00",48.25
"2013-03-12 00:00:00",44.84
"2013-03-13 00:00:00",46.99
"2013-03-14 00:00:00",46.95
"2013-03-15 00:00:00",46.9
"2013-03-16 00:00:00",46.74
"2013-03-17 00:00:00",47.24
"2013-03-18 00:00:00",50.35
"2013-03-19 00:00:00",59.41
"2013-03-20 00:00:00",64.2
"2013-03-21 00:00:00",72.23
"2013-03-22 00:00:00",69.9
"2013-03-23 00:00:00",63.9
"2013-03-24 00:00:00",70.22
"2013-03-25 00:00:00",75.11
"2013-03-26 00:00:00",79.81
"2013-03-27 00:00:00",89.3
"2013-03-28 00:00:00",88.52
"2013-03-29 00:00:00",90.0
"2013-03-30 00:00:00",92.11
"2013-03-31 00:00:00",96.15
"2013-04-01 00:00:00",104.7
"2013-04-02 00:00:00",116.0
"2013-04-03 00:00:00",133.78
"2013-04-04 00:00:00",135.0
"2013-04-05 00:00:00",141.8
"2013-04-06 00:00:00",141.0
"2013-04-07 00:00:00",164.97
"2013-04-08 00:00:00",185.6
"2013-04-09 00:00:00",229.0
"2013-04-10 00:00:00",162.0
"2013-04-11 00:00:00",83.4
"2013-04-12 00:00:00",109.9
"2013-04-13 00:00:00",91.64
"2013-04-14 00:00:00",91.11
"2013-04-15 00:00:00",74.0
"2013-04-16 00:00:00",68.09
"2013-04-17 00:00:00",89.98
"2013-04-18 00:00:00",109.3
"2013-04-19 00:00:00",117.71
"2013-04-20 00:00:00",126.55
"2013-04-21 00:00:00",118.81
"2013-04-22 00:00:00",123.74
"2013-04-23 00:00:00",137.29
"2013-04-24 00:00:00",149.0
"2013-04-25 00:00:00",141.9
"2013-04-26 00:00:00",137.3
"2013-04-27 00:00:00",128.8
"2013-04-28 00:00:00",135.28
"2013-04-29 00:00:00",143.31
"2013-04-30 00:00:00",139.88
"2013-05-01 00:00:00",116.75
"2013-05-02 00:00:00",106.81
"2013-05-03 00:00:00",98.08
"2013-05-04 00:00:00",112.62
"2013-05-05 00:00:00",116.57
"2013-05-06 00:00:00",112.71
"2013-05-07 00:00:00",110.0
"2013-05-08 00:00:00",113.16
"2013-05-09 00:00:00",111.96
"2013-05-10 00:00:00",117.9
"2013-05-11 00:00:00",115.04
"2013-05-12 00:00:00",114.5
"2013-05-13 00:00:00",115.99
"2013-05-14 00:00:00",107.0
"2013-05-15 00:00:00",108.95
"2013-05-16 00:00:00",113.35
"2013-05-17 00:00:00",116.73
"2013-05-18 00:00:00",118.49
"2013-05-19 00:00:00",116.38
"2013-05-20 00:00:00",116.55
"2013-05-21 00:00:00",117.5
"2013-05-22 00:00:00",119.11
"2013-05-23 00:00:00",123.84
"2013-05-24 00:00:00",128.7
"2013-05-25 00:00:00",128.97
"2013-05-26 00:00:00",129.5
"2013-05-27 00:00:00",126.25
"2013-05-28 00:00:00",125.92
"2013-05-29 00:00:00",130.35
"2013-05-30 00:00:00",126.81
"2013-05-31 00:00:00",127.91
"2013-06-01 00:00:00",128.77
"2013-06-02 00:00:00",123.0
"2013-06-03 00:00:00",123.22
"2013-06-04 00:00:00",120.57
"2013-06-05 00:00:00",121.2
"2013-06-06 00:00:00",118.78
"2013-06-07 00:00:00",110.18
"2013-06-08 00:00:00",109.11
"2013-06-09 00:00:00",100.17
"2013-06-10 00:00:00",104.22
"2013-06-11 00:00:00",107.36
"2013-06-12 00:00:00",106.56
"2013-06-13 00:00:00",102.0
"2013-06-14 00:00:00",99.01
"2013-06-15 00:00:00",99.42
"2013-06-16 00:00:00",99.37
"2013-06-17 00:00:00",100.0
"2013-06-18 00:00:00",104.5
"2013-06-19 00:00:00",105.24
"2013-06-20 00:00:00",102.61
"2013-06-21 00:00:00",101.8
"2013-06-22 00:00:00",100.0
"2013-06-23 00:00:00",100.41
"2013-06-24 00:00:00",99.47
"2013-06-25 00:00:00",97.87
"2013-06-26 00:00:00",98.77
"2013-06-27 00:00:00",96.31
"2013-06-28 00:00:00",89.96
"2013-06-29 00:00:00",88.98
"2013-06-30 00:00:00",89.53
"2013-07-01 00:00:00",84.5
"2013-07-02 00:00:00",88.0
"2013-07-03 00:00:00",77.01
"2013-07-04 00:00:00",79.4
"2013-07-05 00:00:00",66.93
"2013-07-06 00:00:00",66.34
"2013-07-07 00:00:00",73.96
"2013-07-08 00:00:00",74.4
"2013-07-09 00:00:00",75.01
"2013-07-10 00:00:00",86.19
"2013-07-11 00:00:00",87.13
"2013-07-12 00:00:00",90.17
"2013-07-13 00:00:00",91.67
"2013-07-14 00:00:00",90.03
"2013-07-15 00:00:00",93.78
"2013-07-16 00:00:00",91.55
"2013-07-17 00:00:00",90.97
"2013-07-18 00:00:00",85.28
"2013-07-19 00:00:00",86.51
"2013-07-20 00:00:00",85.04
"2013-07-21 00:00:00",85.93
"2013-07-22 00:00:00",85.6
"2013-07-23 00:00:00",86.98
"2013-07-24 00:00:00",88.42
"2013-07-25 00:00:00",90.16
"2013-07-26 00:00:00",89.95
"2013-07-27 00:00:00",88.16
"2013-07-28 00:00:00",92.71
"2013-07-29 00:00:00",93.39
"2013-07-30 00:00:00",96.57
"2013-07-31 00:00:00",98.28
"2013-08-01 00:00:00",96.62
"2013-08-02 00:00:00",95.85
"2013-08-03 00:00:00",95.55
"2013-08-04 00:00:00",96.38
"2013-08-05 00:00:00",97.81
"2013-08-06 00:00:00",97.69
"2013-08-07 00:00:00",97.09
"2013-08-08 00:00:00",94.27
"2013-08-09 00:00:00",92.27
"2013-08-10 00:00:00",93.51
"2013-08-11 00:00:00",94.09
"2013-08-12 00:00:00",95.35
"2013-08-13 00:00:00",98.15
"2013-08-14 00:00:00",99.19
"2013-08-15 00:00:00",98.08
"2013-08-16 00:00:00",98.25
"2013-08-17 00:00:00",99.71
"2013-08-18 00:00:00",99.3
"2013-08-19 00:00:00",102.85
"2013-08-20 00:00:00",104.87
"2013-08-21 00:00:00",110.43
"2013-08-22 00:00:00",109.12
"2013-08-23 00:00:00",107.65
"2013-08-24 00:00:00",109.15
"2013-08-25 00:00:00",113.12
"2013-08-26 00:00:00",111.9
"2013-08-27 00:00:00",117.75
"2013-08-28 00:00:00",117.91
"2013-08-29 00:00:00",118.5
"2013-08-30 00:00:00",124.86
"2013-08-31 00:00:00",128.0
"2013-09-01 00:00:00",130.66
"2013-09-02 00:00:00",130.15
"2013-09-03 00:00:00",129.18
"2013-09-04 00:00:00",122.81
"2013-09-05 00:00:00",122.5
"2013-09-06 00:00:00",117.67
"2013-09-07 00:00:00",119.93
"2013-09-08 00:00:00",118.34
"2013-09-09 00:00:00",121.68
"2013-09-10 00:00:00",122.07
"2013-09-11 00:00:00",127.55
"2013-09-12 00:00:00",126.38
"2013-09-13 00:00:00",127.71
"2013-09-14 00:00:00",124.49
"2013-09-15 00:00:00",125.36
"2013-09-16 00:00:00",126.27
"2013-09-17 00:00:00",126.92
"2013-09-18 00:00:00",127.0
"2013-09-19 00:00:00",124.18
"2013-09-20 00:00:00",122.91
"2013-09-21 00:00:00",123.39
"2013-09-22 00:00:00",123.27
"2013-09-23 00:00:00",122.63
"2013-09-24 00:00:00",123.86
"2013-09-25 00:00:00",123.25
"2013-09-26 00:00:00",124.84
"2013-09-27 00:00:00",126.95
"2013-09-28 00:00:00",126.54
"2013-09-29 00:00:00",127.01
"2013-09-30 00:00:00",126.25
"2013-10-01 00:00:00",127.33
"2013-10-02 00:00:00",103.85
"2013-10-03 00:00:00",117.63
"2013-10-04 00:00:00",121.94
"2013-10-05 00:00:00",121.2
"2013-10-06 00:00:00",122.49
"2013-10-07 00:00:00",123.5
"2013-10-08 00:00:00",124.13
"2013-10-09 00:00:00",125.9
"2013-10-10 00:00:00",126.8
"2013-10-11 00:00:00",127.38
"2013-10-12 00:00:00",127.98
"2013-10-13 00:00:00",132.82
"2013-10-14 00:00:00",135.42
"2013-10-15 00:00:00",142.76
"2013-10-16 00:00:00",137.56
"2013-10-17 00:00:00",143.94
"2013-10-18 00:00:00",152.89
"2013-10-19 00:00:00",166.0
"2013-10-20 00:00:00",166.59
"2013-10-21 00:00:00",180.13
"2013-10-22 00:00:00",189.75
"2013-10-23 00:00:00",203.96
"2013-10-24 00:00:00",193.87
"2013-10-25 00:00:00",186.6
"2013-10-26 00:00:00",179.56
"2013-10-27 00:00:00",194.0
"2013-10-28 00:00:00",196.62
"2013-10-29 00:00:00",204.69
"2013-10-30 00:00:00",197.54
"2013-10-31 00:00:00",203.54
"2013-11-01 00:00:00",202.15
"2013-11-02 00:00:00",204.86
"2013-11-03 00:00:00",210.0
"2013-11-04 00:00:00",226.83
"2013-11-05 00:00:00",242.9
"2013-11-06 00:00:00",263.24
"2013-11-07 00:00:00",291.0
"2013-11-08 00:00:00",334.0
"2013-11-09 00:00:00",341.24
"2013-11-10 00:00:00",323.0
"2013-11-11 00:00:00",343.91
"2013-11-12 00:00:00",354.96
"2013-11-13 00:00:00",393.5
"2013-11-14 00:00:00",416.95
"2013-11-15 00:00:00",412.0
"2013-11-16 00:00:00",434.53
"2013-11-17 00:00:00",477.38
"2013-11-18 00:00:00",669.01
"2013-11-19 00:00:00",536.01
"2013-11-20 00:00:00",599.0
"2013-11-21 00:00:00",720.0
"2013-11-22 00:00:00",799.8
"2013-11-23 00:00:00",829.5
"2013-11-24 00:00:00",800.05
"2013-11-25 00:00:00",816.93
"2013-11-26 00:00:00",916.86
"2013-11-27 00:00:00",963.86
"2013-11-28 00:00:00",1012.98
"2013-11-29 00:00:00",1132.0
"2013-11-30 00:00:00",1119.8
"2013-12-01 00:00:00",948.0
"2013-12-02 00:00:00",1040.0
"2013-12-03 00:00:00",1055.0
"2013-12-04 00:00:00",1131.76
"2013-12-05 00:00:00",1035.67
"2013-12-06 00:00:00",810.01
"2013-12-07 00:00:00",693.3
"2013-12-08 00:00:00",784.9
"2013-12-09 00:00:00",899.91
"2013-12-10 00:00:00",980.0
"2013-12-11 00:00:00",879.04
"2013-12-12 00:00:00",871.22
"2013-12-13 00:00:00",885.15
"2013-12-14 00:00:00",854.99
"2013-12-15 00:00:00",862.0
"2013-12-16 00:00:00",688.01
"2013-12-17 00:00:00",675.0
"2013-12-18 00:00:00",519.75
"2013-12-19 00:00:00",684.01
"2013-12-20 00:00:00",608.77
"2013-12-21 00:00:00",596.92
"2013-12-22 00:00:00",614.11
"2013-12-23 00:00:00",654.76
"2013-12-24 00:00:00",653.0
"2013-12-25 00:00:00",680.99
"2013-12-26 00:00:00",747.83
"2013-12-27 00:00:00",723.98
"2013-12-28 00:00:00",715.0
"2013-12-29 00:00:00",728.0
"2013-12-30 00:00:00",736.5
"2013-12-31 00:00:00",732.0
"2014-01-01 00:00:00",754.22
"2014-01-02 00:00:00",785.81
"2014-01-03 00:00:00",809.4
"2014-01-04 00:00:00",828.79
"2014-01-05 00:00:00",903.43
"2014-01-06 00:00:00",919.2
"2014-01-07 00:00:00",788.47
"2014-01-08 00:00:00",823.45
"2014-01-09 00:00:00",826.54
"2014-01-10 00:00:00",852.61
"2014-01-11 00:00:00",895.0
"2014-01-12 00:00:00",844.05
"2014-01-13 00:00:00",823.0
"2014-01-14 00:00:00",815.99
"2014-01-15 00:00:00",841.14
"2014-01-16 00:00:00",814.4
"2014-01-17 00:00:00",794.48
"2014-01-18 00:00:00",811.83
"2014-01-19 00:00:00",841.13
"2014-01-20 00:00:00",826.01
"2014-01-21 00:00:00",824.89
"2014-01-22 00:00:00",819.2
"2014-01-23 00:00:00",809.69
"2014-01-24 00:00:00",779.19
"2014-01-25 00:00:00",806.8
"2014-01-26 00:00:00",814.92
"2014-01-27 00:00:00",749.34
"2014-01-28 00:00:00",785.51
"2014-01-29 00:00:00",794.18
"2014-01-30 00:00:00",799.99
"2014-01-31 00:00:00",803.0
"2014-02-01 00:00:00",813.03
"2014-02-02 00:00:00",815.0
"2014-02-03 00:00:00",808.5
"2014-02-04 00:00:00",802.99
"2014-02-05 00:00:00",781.8
"2014-02-06 00:00:00",763.06
"2014-02-07 00:00:00",705.0
"2014-02-08 00:00:00",674.0
"2014-02-09 00:00:00",687.37
"2014-02-10 00:00:00",687.81
"2014-02-11 00:00:00",675.1
"2014-02-12 00:00:00",652.72
"2014-02-13 00:00:00",605.46
"2014-02-14 00:00:00",669.0
"2014-02-15 00:00:00",653.8
"2014-02-16 00:00:00",619.01
"2014-02-17 00:00:00",633.66
"2014-02-18 00:00:00",627.7
"2014-02-19 00:00:00",624.85
"2014-02-20 00:00:00",561.86
"2014-02-21 00:00:00",584.22
"2014-02-22 00:00:00",612.5
"2014-02-23 00:00:00",611.99
"2014-02-24 00:00:00",535.0
"2014-02-25 00:00:00",535.48
"2014-02-26 00:00:00",585.23
"2014-02-27 00:00:00",583.0
"2014-02-28 00:00:00",550.1
"2014-03-01 00:00:00",567.47
"2014-03-02 00:00:00",561.36
"2014-03-03 00:00:00",677.69
"2014-03-04 00:00:00",673.28
"2014-03-05 00:00:00",669.99
"2014-03-06 00:00:00",669.57
"2014-03-07 00:00:00",632.79
"2014-03-08 00:00:00",620.11
"2014-03-09 00:00:00",640.0
"2014-03-10 00:00:00",629.4
"2014-03-11 00:00:00",632.1
"2014-03-12 00:00:00",634.95
"2014-03-13 00:00:00",641.01
"2014-03-14 00:00:00",630.42
"2014-03-15 00:00:00",637.24
"2014-03-16 00:00:00",633.04
"2014-03-17 00:00:00",622.31
"2014-03-18 00:00:00",612.0
"2014-03-19 00:00:00",611.2
"2014-03-20 00:00:00",585.6
"2014-03-21 00:00:00",570.0
"2014-03-22 00:00:00",565.31
"2014-03-23 00:00:00",562.28
"2014-03-24 00:00:00",584.98
"2014-03-25 00:00:00",583.77
"2014-03-26 00:00:00",581.36
"2014-03-27 00:00:00",474.0
"2014-03-28 00:00:00",501.17
"2014-03-29 00:00:00",492.0
"2014-03-30 00:00:00",460.0
"2014-03-31 00:00:00",454.83
"2014-04-01 00:00:00",478.98
"2014-04-02 00:00:00",439.0
"2014-04-03 00:00:00",451.03
"2014-04-04 00:00:00",452.2
"2014-04-05 00:00:00",464.8
"2014-04-06 00:00:00",456.27
"2014-04-07 00:00:00",447.11
"2014-04-08 00:00:00",453.57
"2014-04-09 00:00:00",441.69
"2014-04-10 00:00:00",363.12
"2014-04-11 00:00:00",423.0
"2014-04-12 00:00:00",423.42
"2014-04-13 00:00:00",416.3
"2014-04-14 00:00:00",458.5
"2014-04-15 00:00:00",521.0
"2014-04-16 00:00:00",529.77
"2014-04-17 00:00:00",500.09
"2014-04-18 00:00:00",483.11
"2014-04-19 00:00:00",503.8
"2014-04-20 00:00:00",500.0
"2014-04-21 00:00:00",496.74
"2014-04-22 00:00:00",490.0
"2014-04-23 00:00:00",492.0
"2014-04-24 00:00:00",502.2
"2014-04-25 00:00:00",466.52
"2014-04-26 00:00:00",459.0
"2014-04-27 00:00:00",430.0
"2014-04-28 00:00:00",442.9
"2014-04-29 00:00:00",448.0
"2014-04-30 00:00:00",448.85
"2014-05-01 00:00:00",460.97
"2014-05-02 00:00:00",454.5
"2014-05-03 00:00:00",439.85
"2014-05-04 00:00:00",438.04
"2014-05-05 00:00:00",433.0
"2014-05-06 00:00:00",428.01
"2014-05-07 00:00:00",440.0
"2014-05-08 00:00:00",437.69
"2014-05-09 00:00:00",452.37
"2014-05-10 00:00:00",455.39
"2014-05-11 00:00:00",440.0
"2014-05-12 00:00:00",442.5
"2014-05-13 00:00:00",439.12
"2014-05-14 00:00:00",446.0
"2014-05-15 00:00:00",446.0
"2014-05-16 00:00:00",447.31
"2014-05-17 00:00:00",449.06
"2014-05-18 00:00:00",446.91
"2014-05-19 00:00:00",448.34
"2014-05-20 00:00:00",489.0
"2014-05-21 00:00:00",493.98
"2014-05-22 00:00:00",529.99
"2014-05-23 00:00:00",523.77
"2014-05-24 00:00:00",528.44
"2014-05-25 00:00:00",573.9
"2014-05-26 00:00:00",581.88
"2014-05-27 00:00:00",572.7
"2014-05-28 00:00:00",580.66
"2014-05-29 00:00:00",572.37
"2014-05-30 00:00:00",621.0
"2014-05-31 00:00:00",627.8
"2014-06-01 00:00:00",630.99
"2014-06-02 00:00:00",661.22
"2014-06-03 00:00:00",670.14
"2014-06-04 00:00:00",640.6
"2014-06-05 00:00:00",661.48
"2014-06-06 00:00:00",647.16
"2014-06-07 00:00:00",657.13
"2014-06-08 00:00:00",658.0
"2014-06-09 00:00:00",648.83
"2014-06-10 00:00:00",648.55
"2014-06-11 00:00:00",620.5
"2014-06-12 00:00:00",569.1
"2014-06-13 00:00:00",592.0
"2014-06-14 00:00:00",566.58
"2014-06-15 00:00:00",588.55
"2014-06-16 00:00:00",586.91
"2014-06-17 00:00:00",606.48
"2014-06-18 00:00:00",607.0
"2014-06-19 00:00:00",593.4
"2014-06-20 00:00:00",588.02
"2014-06-21 00:00:00",591.29
"2014-06-22 00:00:00",600.34
"2014-06-23 00:00:00",588.22
"2014-06-24 00:00:00",572.62
"2014-06-25 00:00:00",560.4
"2014-06-26 00:00:00",579.99
"2014-06-27 00:00:00",599.99
"2014-06-28 00:00:00",589.56
"2014-06-29 00:00:00",599.89
"2014-06-30 00:00:00",641.11
"2014-07-01 00:00:00",638.25
"2014-07-02 00:00:00",650.5
"2014-07-03 00:00:00",645.99
"2014-07-04 00:00:00",629.0
"2014-07-05 00:00:00",630.0
"2014-07-06 00:00:00",630.57
"2014-07-07 00:00:00",622.09
"2014-07-08 00:00:00",623.98
"2014-07-09 00:00:00",620.01
"2014-07-10 00:00:00",612.44
"2014-07-11 00:00:00",635.0
"2014-07-12 00:00:00",638.07
"2014-07-13 00:00:00",630.88
"2014-07-14 00:00:00",621.17
"2014-07-15 00:00:00",619.55
"2014-07-16 00:00:00",616.86
"2014-07-17 00:00:00",622.2
"2014-07-18 00:00:00",632.6
"2014-07-19 00:00:00",628.63
"2014-07-20 00:00:00",627.0
"2014-07-21 00:00:00",622.73
"2014-07-22 00:00:00",618.32
"2014-07-23 00:00:00",621.0
"2014-07-24 00:00:00",601.66
"2014-07-25 00:00:00",602.93
"2014-07-26 00:00:00",596.23
"2014-07-27 00:00:00",590.3
"2014-07-28 00:00:00",586.53
"2014-07-29 00:00:00",585.95
"2014-07-30 00:00:00",563.84
"2014-07-31 00:00:00",582.04
"2014-08-01 00:00:00",598.2
"2014-08-02 00:00:00",589.59
"2014-08-03 00:00:00",588.73
"2014-08-04 00:00:00",588.5
"2014-08-05 00:00:00",581.76
"2014-08-06 00:00:00",581.16
"2014-08-07 00:00:00",585.84
"2014-08-08 00:00:00",588.02
"2014-08-09 00:00:00",587.97
"2014-08-10 00:00:00",590.96
"2014-08-11 00:00:00",573.98
"2014-08-12 00:00:00",566.69
"2014-08-13 00:00:00",548.81
"2014-08-14 00:00:00",507.99
"2014-08-15 00:00:00",500.25
"2014-08-16 00:00:00",521.97
"2014-08-17 00:00:00",496.86
"2014-08-18 00:00:00",475.22
"2014-08-19 00:00:00",485.57
"2014-08-20 00:00:00",516.39
"2014-08-21 00:00:00",519.28
"2014-08-22 00:00:00",514.65
"2014-08-23 00:00:00",497.0
"2014-08-24 00:00:00",507.85
"2014-08-25 00:00:00",503.82
"2014-08-26 00:00:00",512.18
"2014-08-27 00:00:00",511.87
"2014-08-28 00:00:00",506.0
"2014-08-29 00:00:00",509.3
"2014-08-30 00:00:00",500.85
"2014-08-31 00:00:00",479.04
"2014-09-01 00:00:00",474.54
"2014-09-02 00:00:00",474.5
"2014-09-03 00:00:00",474.89
"2014-09-04 00:00:00",487.43
"2014-09-05 00:00:00",477.65
"2014-09-06 00:00:00",479.78
"2014-09-07 00:00:00",475.43
"2014-09-08 00:00:00",468.33
"2014-09-09 00:00:00",473.2
"2014-09-10 00:00:00",476.57
"2014-09-11 00:00:00",475.9
"2014-09-12 00:00:00",474.62
"2014-09-13 00:00:00",477.98
"2014-09-14 00:00:00",475.49
"2014-09-15 00:00:00",469.47
"2014-09-16 00:00:00",462.02
"2014-09-17 00:00:00",452.09
"2014-09-18 00:00:00",425.0
"2014-09-19 00:00:00",395.86
"2014-09-20 00:00:00",408.76
"2014-09-21 00:00:00",399.55
"2014-09-22 00:00:00",400.07
"2014-09-23 00:00:00",438.97
"2014-09-24 00:00:00",423.68
"2014-09-25 00:00:00",408.76
"2014-09-26 00:00:00",403.57
"2014-09-27 00:00:00",401.77
"2014-09-28 00:00:00",375.35
"2014-09-29 00:00:00",374.2
"2014-09-30 00:00:00",391.09
"2014-10-01 00:00:00",384.86
"2014-10-02 00:00:00",374.68
"2014-10-03 00:00:00",358.74
"2014-10-04 00:00:00",326.21
"2014-10-05 00:00:00",323.52
"2014-10-06 00:00:00",328.59
"2014-10-07 00:00:00",334.8
"2014-10-08 00:00:00",355.73
"2014-10-09 00:00:00",364.01
"2014-10-10 00:00:00",360.89
"2014-10-11 00:00:00",362.0
"2014-10-12 00:00:00",378.11
"2014-10-13 00:00:00",392.6
"2014-10-14 00:00:00",403.38
"2014-10-15 00:00:00",394.52
"2014-10-16 00:00:00",383.95
"2014-10-17 00:00:00",383.65
"2014-10-18 00:00:00",390.58
"2014-10-19 00:00:00",387.53
"2014-10-20 00:00:00",381.21
"2014-10-21 00:00:00",385.81
"2014-10-22 00:00:00",382.04
"2014-10-23 00:00:00",357.18
"2014-10-24 00:00:00",358.86
"2014-10-25 00:00:00",348.69
"2014-10-26 00:00:00",355.18
"2014-10-27 00:00:00",350.0
"2014-10-28 00:00:00",355.2
"2014-10-29 00:00:00",335.7
"2014-10-30 00:00:00",346.14
"2014-10-31 00:00:00",337.99
"2014-11-01 00:00:00",324.7
"2014-11-02 00:00:00",324.36
"2014-11-03 00:00:00",325.5
"2014-11-04 00:00:00",330.22
"2014-11-05 00:00:00",338.38
"2014-11-06 00:00:00",349.99
"2014-11-07 00:00:00",342.16
"2014-11-08 00:00:00",345.39
"2014-11-09 00:00:00",364.77
"2014-11-10 00:00:00",366.43
"2014-11-11 00:00:00",370.65
"2014-11-12 00:00:00",426.02
"2014-11-13 00:00:00",420.93
"2014-11-14 00:00:00",399.98
"2014-11-15 00:00:00",376.99
"2014-11-16 00:00:00",389.86
"2014-11-17 00:00:00",387.69
"2014-11-18 00:00:00",374.88
"2014-11-19 00:00:00",379.03
"2014-11-20 00:00:00",356.47
"2014-11-21 00:00:00",351.2
"2014-11-22 00:00:00",353.12
"2014-11-23 00:00:00",367.17
"2014-11-24 00:00:00",375.99
"2014-11-25 00:00:00",377.37
"2014-11-26 00:00:00",368.5
"2014-11-27 00:00:00",369.98
"2014-11-28 00:00:00",376.86
"2014-11-29 00:00:00",375.49
"2014-11-30 00:00:00",377.01
"2014-12-01 00:00:00",376.53
"2014-12-02 00:00:00",379.52
"2014-12-03 00:00:00",375.33
"2014-12-04 00:00:00",369.16
"2014-12-05 00:00:00",376.0
"2014-12-06 00:00:00",374.38
"2014-12-07 00:00:00",377.26
"2014-12-08 00:00:00",361.3
"2014-12-09 00:00:00",352.03
"2014-12-10 00:00:00",345.21
"2014-12-11 00:00:00",348.9
"2014-12-12 00:00:00",352.24
"2014-12-13 00:00:00",351.67
"2014-12-14 00:00:00",356.52
"2014-12-15 00:00:00",349.0
"2014-12-16 00:00:00",329.05
"2014-12-17 00:00:00",322.0
"2014-12-18 00:00:00",312.67
"2014-12-19 00:00:00",318.33
"2014-12-20 00:00:00",331.79
"2014-12-21 00:00:00",320.01
"2014-12-22 00:00:00",331.56
"2014-12-23 00:00:00",336.92
"2014-12-24 00:00:00",323.06
"2014-12-25 00:00:00",319.86
"2014-12-26 00:00:00",328.27
"2014-12-27 00:00:00",316.47
"2014-12-28 00:00:00",317.64
"2014-12-29 00:00:00",313.01
"2014-12-30 00:00:00",311.07
"2014-12-31 00:00:00",321.0
"2015-01-01 00:00:00",314.95
"2015-01-02 00:00:00",315.03
"2015-01-03 00:00:00",287.18
"2015-01-04 00:00:00",264.66
"2015-01-05 00:00:00",274.23
"2015-01-06 00:00:00",282.37
"2015-01-07 00:00:00",292.13
"2015-01-08 00:00:00",281.85
"2015-01-09 00:00:00",287.63
"2015-01-10 00:00:00",271.93
"2015-01-11 00:00:00",266.25
"2015-01-12 00:00:00",268.87
"2015-01-13 00:00:00",221.38
"2015-01-14 00:00:00",165.07
"2015-01-15 00:00:00",209.7
"2015-01-16 00:00:00",206.91
"2015-01-17 00:00:00",199.55
"2015-01-18 00:00:00",210.57
"2015-01-19 00:00:00",215.65
"2015-01-20 00:00:00",210.43
"2015-01-21 00:00:00",228.31
"2015-01-22 00:00:00",232.67
"2015-01-23 00:00:00",232.4
"2015-01-24 00:00:00",248.35
"2015-01-25 00:00:00",252.46
"2015-01-26 00:00:00",269.04
"2015-01-27 00:00:00",263.37
"2015-01-28 00:00:00",236.36
"2015-01-29 00:00:00",233.89
"2015-01-30 00:00:00",232.05
"2015-01-31 00:00:00",218.37
"2015-02-01 00:00:00",227.1
"2015-02-02 00:00:00",238.32
"2015-02-03 00:00:00",227.48
"2015-02-04 00:00:00",226.58
"2015-02-05 00:00:00",216.32
"2015-02-06 00:00:00",223.38
"2015-02-07 00:00:00",227.99
"2015-02-08 00:00:00",223.95
"2015-02-09 00:00:00",220.07
"2015-02-10 00:00:00",219.73
"2015-02-11 00:00:00",219.05
"2015-02-12 00:00:00",221.91
"2015-02-13 00:00:00",236.44
"2015-02-14 00:00:00",258.86
"2015-02-15 00:00:00",233.26
"2015-02-16 00:00:00",235.76
"2015-02-17 00:00:00",243.51
"2015-02-18 00:00:00",235.58
"2015-02-19 00:00:00",241.9
"2015-02-20 00:00:00",243.92
"2015-02-21 00:00:00",245.26
"2015-02-22 00:00:00",235.56
"2015-02-23 00:00:00",239.61
"2015-02-24 00:00:00",238.99
"2015-02-25 00:00:00",235.05
"2015-02-26 00:00:00",236.5
"2015-02-27 00:00:00",253.32
"2015-02-28 00:00:00",253.84
"2015-03-01 00:00:00",258.1
"2015-03-02 00:00:00",273.39
"2015-03-03 00:00:00",281.54
"2015-03-04 00:00:00",272.44
"2015-03-05 00:00:00",275.27
"2015-03-06 00:00:00",272.82
"2015-03-07 00:00:00",274.81
"2015-03-08 00:00:00",274.01
"2015-03-09 00:00:00",290.51
"2015-03-10 00:00:00",290.36
"2015-03-11 00:00:00",295.51
"2015-03-12 00:00:00",294.75
"2015-03-13 00:00:00",286.98
"2015-03-14 00:00:00",281.99
"2015-03-15 00:00:00",285.23
"2015-03-16 00:00:00",290.72
"2015-03-17 00:00:00",285.73
"2015-03-18 00:00:00",256.23
"2015-03-19 00:00:00",261.3
"2015-03-20 00:00:00",261.77
"2015-03-21 00:00:00",259.87
"2015-03-22 00:00:00",268.66
"2015-03-23 00:00:00",265.53
"2015-03-24 00:00:00",246.7
"2015-03-25 00:00:00",246.74
"2015-03-26 00:00:00",248.09
"2015-03-27 00:00:00",247.37
"2015-03-28 00:00:00",252.41
"2015-03-29 00:00:00",242.32
"2015-03-30 00:00:00",247.16
"2015-03-31 00:00:00",244.27
"2015-04-01 00:00:00",246.76
"2015-04-02 00:00:00",252.98
"2015-04-03 00:00:00",254.6
"2015-04-04 00:00:00",254.09
"2015-04-05 00:00:00",259.79
"2015-04-06 00:00:00",255.64
"2015-04-07 00:00:00",254.39
"2015-04-08 00:00:00",244.85
"2015-04-09 00:00:00",243.23
"2015-04-10 00:00:00",234.77
"2015-04-11 00:00:00",236.9
"2015-04-12 00:00:00",236.03
"2015-04-13 00:00:00",223.78
"2015-04-14 00:00:00",218.23
"2015-04-15 00:00:00",223.06
"2015-04-16 00:00:00",228.55
"2015-04-17 00:00:00",222.79
"2015-04-18 00:00:00",223.64
"2015-04-19 00:00:00",223.24
"2015-04-20 00:00:00",224.49
"2015-04-21 00:00:00",233.95
"2015-04-22 00:00:00",234.18
"2015-04-23 00:00:00",235.51
"2015-04-24 00:00:00",231.52
"2015-04-25 00:00:00",226.07
"2015-04-26 00:00:00",219.09
"2015-04-27 00:00:00",228.29
"2015-04-28 00:00:00",225.22
"2015-04-29 00:00:00",225.32
"2015-04-30 00:00:00",236.05
"2015-05-01 00:00:00",233.07
"2015-05-02 00:00:00",235.49
"2015-05-03 00:00:00",240.17
"2015-05-04 00:00:00",239.06
"2015-05-05 00:00:00",236.03
"2015-05-06 00:00:00",229.94
"2015-05-07 00:00:00",237.87
"2015-05-08 00:00:00",243.64
"2015-05-09 00:00:00",241.36
"2015-05-10 00:00:00",239.97
"2015-05-11 00:00:00",242.31
"2015-05-12 00:00:00",241.82
"2015-05-13 00:00:00",236.37
"2015-05-14 00:00:00",236.99
"2015-05-15 00:00:00",237.09
"2015-05-16 00:00:00",236.08
"2015-05-17 00:00:00",236.32
"2015-05-18 00:00:00",232.69
"2015-05-19 00:00:00",232.01
"2015-05-20 00:00:00",233.99
"2015-05-21 00:00:00",235.48
"2015-05-22 00:00:00",240.55
"2015-05-23 00:00:00",238.76
"2015-05-24 00:00:00",241.21
"2015-05-25 00:00:00",237.66
"2015-05-26 00:00:00",237.45
"2015-05-27 00:00:00",237.37
"2015-05-28 00:00:00",237.07
"2015-05-29 00:00:00",236.91
"2015-05-30 00:00:00",233.03
"2015-05-31 00:00:00",229.8
"2015-06-01 00:00:00",223.14
"2015-06-02 00:00:00",225.48
"2015-06-03 00:00:00",225.42
"2015-06-04 00:00:00",224.0
"2015-06-05 00:00:00",224.78
"2015-06-06 00:00:00",225.21
"2015-06-07 00:00:00",223.51
"2015-06-08 00:00:00",228.72
"2015-06-09 00:00:00",229.61
"2015-06-10 00:00:00",229.25
"2015-06-11 00:00:00",229.79
"2015-06-12 00:00:00",230.25
"2015-06-13 00:00:00",232.39
"2015-06-14 00:00:00",233.83
"2015-06-15 00:00:00",237.09
"2015-06-16 00:00:00",249.72
"2015-06-17 00:00:00",247.71
"2015-06-18 00:00:00",248.73
"2015-06-19 00:00:00",245.22
"2015-06-20 00:00:00",244.95
"2015-06-21 00:00:00",244.2
"2015-06-22 00:00:00",247.5
"2015-06-23 00:00:00",243.78
"2015-06-24 00:00:00",240.54
"2015-06-25 00:00:00",242.54
"2015-06-26 00:00:00",243.14
"2015-06-27 00:00:00",250.94
"2015-06-28 00:00:00",249.0
"2015-06-29 00:00:00",257.06
"2015-06-30 00:00:00",263.99
"2015-07-01 00:00:00",257.37
"2015-07-02 00:00:00",255.05
"2015-07-03 00:00:00",255.77
"2015-07-04 00:00:00",260.4
"2015-07-05 00:00:00",269.82
"2015-07-06 00:00:00",269.78
"2015-07-07 00:00:00",266.5
"2015-07-08 00:00:00",269.47
"2015-07-09 00:00:00",268.32
"2015-07-10 00:00:00",285.21
"2015-07-11 00:00:00",292.11
"2015-07-12 00:00:00",310.71
"2015-07-13 00:00:00",290.35
"2015-07-14 00:00:00",287.18
"2015-07-15 00:00:00",283.37
"2015-07-16 00:00:00",276.31
"2015-07-17 00:00:00",278.66
"2015-07-18 00:00:00",275.77
"2015-07-19 00:00:00",273.52
"2015-07-20 00:00:00",277.47
"2015-07-21 00:00:00",274.98
"2015-07-22 00:00:00",276.94
"2015-07-23 00:00:00",275.12
"2015-07-24 00:00:00",289.06
"2015-07-25 00:00:00",289.79
"2015-07-26 00:00:00",292.31
"2015-07-27 00:00:00",293.73
"2015-07-28 00:00:00",294.57
"2015-07-29 00:00:00",288.44
"2015-07-30 00:00:00",287.37
"2015-07-31 00:00:00",284.28
"2015-08-01 00:00:00",280.96
"2015-08-02 00:00:00",281.66
"2015-08-03 00:00:00",281.36
"2015-08-04 00:00:00",284.31
"2015-08-05 00:00:00",282.02
"2015-08-06 00:00:00",278.53
"2015-08-07 00:00:00",276.93
"2015-08-08 00:00:00",259.24
"2015-08-09 00:00:00",263.93
"2015-08-10 00:00:00",263.77
"2015-08-11 00:00:00",269.28
"2015-08-12 00:00:00",266.37
"2015-08-13 00:00:00",262.55
"2015-08-14 00:00:00",265.24
"2015-08-15 00:00:00",260.69
"2015-08-16 00:00:00",257.52
"2015-08-17 00:00:00",257.35
"2015-08-18 00:00:00",246.83
"2015-08-19 00:00:00",225.87
"2015-08-20 00:00:00",234.67
"2015-08-21 00:00:00",232.67
"2015-08-22 00:00:00",229.47
"2015-08-23 00:00:00",226.89
"2015-08-24 00:00:00",211.58
"2015-08-25 00:00:00",220.36
"2015-08-26 00:00:00",225.19
"2015-08-27 00:00:00",221.97
"2015-08-28 00:00:00",231.67
"2015-08-29 00:00:00",228.6
"2015-08-30 00:00:00",228.05
"2015-08-31 00:00:00",229.13
"2015-09-01 00:00:00",226.84
"2015-09-02 00:00:00",228.67
"2015-09-03 00:00:00",226.25
"2015-09-04 00:00:00",230.66
"2015-09-05 00:00:00",232.94
"2015-09-06 00:00:00",240.28
"2015-09-07 00:00:00",239.57
"2015-09-08 00:00:00",243.32
"2015-09-09 00:00:00",237.24
"2015-09-10 00:00:00",238.21
"2015-09-11 00:00:00",240.18
"2015-09-12 00:00:00",235.63
"2015-09-13 00:00:00",230.03
"2015-09-14 00:00:00",230.21
"2015-09-15 00:00:00",230.07
"2015-09-16 00:00:00",228.82
"2015-09-17 00:00:00",232.92
"2015-09-18 00:00:00",232.49
"2015-09-19 00:00:00",231.32
"2015-09-20 00:00:00",231.13
"2015-09-21 00:00:00",226.63
"2015-09-22 00:00:00",229.62
"2015-09-23 00:00:00",230.17
"2015-09-24 00:00:00",234.85
"2015-09-25 00:00:00",235.47
"2015-09-26 00:00:00",234.48
"2015-09-27 00:00:00",233.03
"2015-09-28 00:00:00",238.98
"2015-09-29 00:00:00",236.89
"2015-09-30 00:00:00",235.71
"2015-10-01 00:00:00",237.05
"2015-10-02 00:00:00",236.45
"2015-10-03 00:00:00",238.57
"2015-10-04 00:00:00",238.75
"2015-10-05 00:00:00",239.71
"2015-10-06 00:00:00",245.92
"2015-10-07 00:00:00",242.94
"2015-10-08 00:00:00",242.58
"2015-10-09 00:00:00",244.42
"2015-10-10 00:00:00",245.48
"2015-10-11 00:00:00",247.78
"2015-10-12 00:00:00",245.76
"2015-10-13 00:00:00",249.47
"2015-10-14 00:00:00",252.2
"2015-10-15 00:00:00",254.46
"2015-10-16 00:00:00",262.89
"2015-10-17 00:00:00",269.78
"2015-10-18 00:00:00",261.47
"2015-10-19 00:00:00",263.72
"2015-10-20 00:00:00",270.02
"2015-10-21 00:00:00",267.1
"2015-10-22 00:00:00",274.97
"2015-10-23 00:00:00",276.38
"2015-10-24 00:00:00",282.72
"2015-10-25 00:00:00",286.74
"2015-10-26 00:00:00",284.62
"2015-10-27 00:00:00",295.01
"2015-10-28 00:00:00",304.07
"2015-10-29 00:00:00",312.67
"2015-10-30 00:00:00",327.6
"2015-10-31 00:00:00",311.68
"2015-11-01 00:00:00",325.84
"2015-11-02 00:00:00",360.87
"2015-11-03 00:00:00",395.57
"2015-11-04 00:00:00",400.34
"2015-11-05 00:00:00",383.01
"2015-11-06 00:00:00",370.22
"2015-11-07 00:00:00",385.12
"2015-11-08 00:00:00",371.38
"2015-11-09 00:00:00",380.33
"2015-11-10 00:00:00",336.94
"2015-11-11 00:00:00",304.24
"2015-11-12 00:00:00",334.11
"2015-11-13 00:00:00",333.87
"2015-11-14 00:00:00",331.76
"2015-11-15 00:00:00",317.77
"2015-11-16 00:00:00",330.36
"2015-11-17 00:00:00",333.83
"2015-11-18 00:00:00",335.59
"2015-11-19 00:00:00",325.19
"2015-11-20 00:00:00",321.13
"2015-11-21 00:00:00",324.65
"2015-11-22 00:00:00",323.06
"2015-11-23 00:00:00",322.44
"2015-11-24 00:00:00",318.38
"2015-11-25 00:00:00",327.5
"2015-11-26 00:00:00",353.61
"2015-11-27 00:00:00",359.71
"2015-11-28 00:00:00",355.85
"2015-11-29 00:00:00",371.03
"2015-11-30 00:00:00",378.03
"2015-12-01 00:00:00",362.03
"2015-12-02 00:00:00",360.27
"2015-12-03 00:00:00",360.36
"2015-12-04 00:00:00",361.79
"2015-12-05 00:00:00",386.13
"2015-12-06 00:00:00",393.71
"2015-12-07 00:00:00",394.75
"2015-12-08 00:00:00",410.4
"2015-12-09 00:00:00",416.54
"2015-12-10 00:00:00",415.87
"2015-12-11 00:00:00",450.33
"2015-12-12 00:00:00",433.12
"2015-12-13 00:00:00",434.93
"2015-12-14 00:00:00",442.32
"2015-12-15 00:00:00",463.6
"2015-12-16 00:00:00",453.39
"2015-12-17 00:00:00",453.38
"2015-12-18 00:00:00",463.87
"2015-12-19 00:00:00",462.02
"2015-12-20 00:00:00",442.07
"2015-12-21 00:00:00",437.54
"2015-12-22 00:00:00",436.5
"2015-12-23 00:00:00",442.41
"2015-12-24 00:00:00",452.79
"2015-12-25 00:00:00",454.24
"2015-12-26 00:00:00",415.81
"2015-12-27 00:00:00",422.37
"2015-12-28 00:00:00",421.87
"2015-12-29 00:00:00",432.09
"2015-12-30 00:00:00",427.32
"2015-12-31 00:00:00",430.08
"2016-01-01 00:00:00",434.25
"2016-01-02 00:00:00",433.48
"2016-01-03 00:00:00",431.08
"2016-01-04 00:00:00",433.33
"2016-01-05 00:00:00",431.36
"2016-01-06 00:00:00",430.71
"2016-01-07 00:00:00",457.62
"2016-01-08 00:00:00",452.84
"2016-01-09 00:00:00",449.11
"2016-01-10 00:00:00",446.52
"2016-01-11 00:00:00",447.74
"2016-01-12 00:00:00",445.18
"2016-01-13 00:00:00",432.22
"2016-01-14 00:00:00",429.22
"2016-01-15 00:00:00",372.18
"2016-01-16 00:00:00",385.18
"2016-01-17 00:00:00",382.34
"2016-01-18 00:00:00",384.28
"2016-01-19 00:00:00",378.84
"2016-01-20 00:00:00",414.0
"2016-01-21 00:00:00",410.2
"2016-01-22 00:00:00",382.14
"2016-01-23 00:00:00",388.55
"2016-01-24 00:00:00",402.29
"2016-01-25 00:00:00",392.75
"2016-01-26 00:00:00",389.67
"2016-01-27 00:00:00",395.08
"2016-01-28 00:00:00",379.87
"2016-01-29 00:00:00",380.12
"2016-01-30 00:00:00",377.85
"2016-01-31 00:00:00",369.67
"2016-02-01 00:00:00",371.71
"2016-02-02 00:00:00",373.58
"2016-02-03 00:00:00",367.98
"2016-02-04 00:00:00",390.59
"2016-02-05 00:00:00",386.18
"2016-02-06 00:00:00",376.62
"2016-02-07 00:00:00",377.87
"2016-02-08 00:00:00",372.24
"2016-02-09 00:00:00",375.4
"2016-02-10 00:00:00",381.02
"2016-02-11 00:00:00",379.23
"2016-02-12 00:00:00",383.45
"2016-02-13 00:00:00",390.02
"2016-02-14 00:00:00",405.9
"2016-02-15 00:00:00",400.46
"2016-02-16 00:00:00",406.19
"2016-02-17 00:00:00",417.51
"2016-02-18 00:00:00",420.99
"2016-02-19 00:00:00",420.25
"2016-02-20 00:00:00",439.52
"2016-02-21 00:00:00",437.62
"2016-02-22 00:00:00",437.56
"2016-02-23 00:00:00",420.27
"2016-02-24 00:00:00",422.6
"2016-02-25 00:00:00",423.42
"2016-02-26 00:00:00",427.25
"2016-02-27 00:00:00",431.86
"2016-02-28 00:00:00",432.55
"2016-02-29 00:00:00",436.14
"2016-03-01 00:00:00",433.06
"2016-03-02 00:00:00",425.06
"2016-03-03 00:00:00",419.44
"2016-03-04 00:00:00",409.24
"2016-03-05 00:00:00",399.33
"2016-03-06 00:00:00",405.92
"2016-03-07 00:00:00",414.88
"2016-03-08 00:00:00",411.98
"2016-03-09 00:00:00",412.75
"2016-03-10 00:00:00",415.65
"2016-03-11 00:00:00",419.05
"2016-03-12 00:00:00",410.31
"2016-03-13 00:00:00",412.43
"2016-03-14 00:00:00",414.17
"2016-03-15 00:00:00",414.81
"2016-03-16 00:00:00",415.74
"2016-03-17 00:00:00",418.2
"2016-03-18 00:00:00",408.24
"2016-03-19 00:00:00",407.86
"2016-03-20 00:00:00",411.68
"2016-03-21 00:00:00",411.08
"2016-03-22 00:00:00",415.99
"2016-03-23 00:00:00",416.82
"2016-03-24 00:00:00",414.36
"2016-03-25 00:00:00",415.53
"2016-03-26 00:00:00",416.52
"2016-03-27 00:00:00",424.71
"2016-03-28 00:00:00",422.14
"2016-03-29 00:00:00",414.99
"2016-03-30 00:00:00",412.06
"2016-03-31 00:00:00",415.51
"2016-04-01 00:00:00",416.24
"2016-04-02 00:00:00",419.56
"2016-04-03 00:00:00",419.31
"2016-04-04 00:00:00",419.21
"2016-04-05 00:00:00",422.21
"2016-04-06 00:00:00",421.59
"2016-04-07 00:00:00",420.09
"2016-04-08 00:00:00",417.43
"2016-04-09 00:00:00",418.26
"2016-04-10 00:00:00",420.87
"2016-04-11 00:00:00",422.0
"2016-04-12 00:00:00",423.22
"2016-04-13 00:00:00",423.84
"2016-04-14 00:00:00",424.93
"2016-04-15 00:00:00",429.23
"2016-04-16 00:00:00",429.51
"2016-04-17 00:00:00",426.19
"2016-04-18 00:00:00",428.45
"2016-04-19 00:00:00",435.12
"2016-04-20 00:00:00",441.42
"2016-04-21 00:00:00",450.82
"2016-04-22 00:00:00",443.76
"2016-04-23 00:00:00",449.17
"2016-04-24 00:00:00",453.1
"2016-04-25 00:00:00",462.32
"2016-04-26 00:00:00",466.57
"2016-04-27 00:00:00",446.99
"2016-04-28 00:00:00",448.87
"2016-04-29 00:00:00",455.36
"2016-04-30 00:00:00",448.23
"2016-05-01 00:00:00",453.08
"2016-05-02 00:00:00",444.45
"2016-05-03 00:00:00",449.88
"2016-05-04 00:00:00",446.62
"2016-05-05 00:00:00",448.34
"2016-05-06 00:00:00",459.45
"2016-05-07 00:00:00",459.16
"2016-05-08 00:00:00",457.34
"2016-05-09 00:00:00",460.31
"2016-05-10 00:00:00",448.85
"2016-05-11 00:00:00",451.91
"2016-05-12 00:00:00",454.61
"2016-05-13 00:00:00",455.69
"2016-05-14 00:00:00",456.75
"2016-05-15 00:00:00",458.97
"2016-05-16 00:00:00",455.37
"2016-05-17 00:00:00",453.35
"2016-05-18 00:00:00",453.98
"2016-05-19 00:00:00",442.08
"2016-05-20 00:00:00",441.87
"2016-05-21 00:00:00",443.95
"2016-05-22 00:00:00",439.01
"2016-05-23 00:00:00",443.95
"2016-05-24 00:00:00",445.92
"2016-05-25 00:00:00",450.2
"2016-05-26 00:00:00",453.86
"2016-05-27 00:00:00",472.1
"2016-05-28 00:00:00",526.68
"2016-05-29 00:00:00",515.67
"2016-05-30 00:00:00",531.64
"2016-05-31 00:00:00",527.84
"2016-06-01 00:00:00",537.86
"2016-06-02 00:00:00",536.44
"2016-06-03 00:00:00",568.07
"2016-06-04 00:00:00",572.89
"2016-06-05 00:00:00",575.93
"2016-06-06 00:00:00",584.69
"2016-06-07 00:00:00",577.67
"2016-06-08 00:00:00",581.14
"2016-06-09 00:00:00",575.97
"2016-06-10 00:00:00",578.89
"2016-06-11 00:00:00",590.58
"2016-06-12 00:00:00",667.25
"2016-06-13 00:00:00",699.76
"2016-06-14 00:00:00",685.33
"2016-06-15 00:00:00",692.69
"2016-06-16 00:00:00",762.17
"2016-06-17 00:00:00",749.64
"2016-06-18 00:00:00",756.22
"2016-06-19 00:00:00",763.9
"2016-06-20 00:00:00",734.39
"2016-06-21 00:00:00",668.46
"2016-06-22 00:00:00",590.27
"2016-06-23 00:00:00",622.24
"2016-06-24 00:00:00",653.4
"2016-06-25 00:00:00",665.92
"2016-06-26 00:00:00",627.7
"2016-06-27 00:00:00",646.25
"2016-06-28 00:00:00",646.13
"2016-06-29 00:00:00",637.21
"2016-06-30 00:00:00",669.78
"2016-07-01 00:00:00",671.24
"2016-07-02 00:00:00",697.48
"2016-07-03 00:00:00",662.72
"2016-07-04 00:00:00",676.45
"2016-07-05 00:00:00",665.32
"2016-07-06 00:00:00",673.84
"2016-07-07 00:00:00",634.81
"2016-07-08 00:00:00",663.73
"2016-07-09 00:00:00",653.11
"2016-07-10 00:00:00",649.15
"2016-07-11 00:00:00",646.93
"2016-07-12 00:00:00",671.18
"2016-07-13 00:00:00",660.82
"2016-07-14 00:00:00",659.12
"2016-07-15 00:00:00",664.82
"2016-07-16 00:00:00",660.72
"2016-07-17 00:00:00",676.19
"2016-07-18 00:00:00",670.32
"2016-07-19 00:00:00",672.35
"2016-07-20 00:00:00",664.23
"2016-07-21 00:00:00",666.31
"2016-07-22 00:00:00",650.84
"2016-07-23 00:00:00",653.72
"2016-07-24 00:00:00",659.59
"2016-07-25 00:00:00",654.17
"2016-07-26 00:00:00",655.07
"2016-07-27 00:00:00",655.13
"2016-07-28 00:00:00",655.23
"2016-07-29 00:00:00",654.83
"2016-07-30 00:00:00",652.25
"2016-07-31 00:00:00",621.85
"2016-08-01 00:00:00",606.62
"2016-08-02 00:00:00",513.32
"2016-08-03 00:00:00",568.25
"2016-08-04 00:00:00",578.06
"2016-08-05 00:00:00",573.05
"2016-08-06 00:00:00",586.27
"2016-08-07 00:00:00",592.13
"2016-08-08 00:00:00",588.64
"2016-08-09 00:00:00",585.01
"2016-08-10 00:00:00",590.36
"2016-08-11 00:00:00",587.59
"2016-08-12 00:00:00",587.92
"2016-08-13 00:00:00",584.85
"2016-08-14 00:00:00",571.24
"2016-08-15 00:00:00",567.85
"2016-08-16 00:00:00",580.55
"2016-08-17 00:00:00",572.61
"2016-08-18 00:00:00",573.35
"2016-08-19 00:00:00",574.95
"2016-08-20 00:00:00",581.84
"2016-08-21 00:00:00",581.46
"2016-08-22 00:00:00",587.36
"2016-08-23 00:00:00",583.97
"2016-08-24 00:00:00",579.15
"2016-08-25 00:00:00",577.43
"2016-08-26 00:00:00",580.11
"2016-08-27 00:00:00",570.66
"2016-08-28 00:00:00",574.71
"2016-08-29 00:00:00",573.84
"2016-08-30 00:00:00",577.0
"2016-08-31 00:00:00",573.89
"2016-09-01 00:00:00",572.01
"2016-09-02 00:00:00",575.08
"2016-09-03 00:00:00",599.81
"2016-09-04 00:00:00",609.94
"2016-09-05 00:00:00",606.32
"2016-09-06 00:00:00",610.89
"2016-09-07 00:00:00",613.45
"2016-09-08 00:00:00",626.53
"2016-09-09 00:00:00",623.65
"2016-09-10 00:00:00",625.72
"2016-09-11 00:00:00",607.05
"2016-09-12 00:00:00",608.26
"2016-09-13 00:00:00",609.41
"2016-09-14 00:00:00",609.68
"2016-09-15 00:00:00",608.18
"2016-09-16 00:00:00",608.58
"2016-09-17 00:00:00",606.91
"2016-09-18 00:00:00",611.94
"2016-09-19 00:00:00",609.17
"2016-09-20 00:00:00",609.37
"2016-09-21 00:00:00",597.65
"2016-09-22 00:00:00",595.96
"2016-09-23 00:00:00",603.32
"2016-09-24 00:00:00",603.91
"2016-09-25 00:00:00",600.25
"2016-09-26 00:00:00",607.14
"2016-09-27 00:00:00",605.26
"2016-09-28 00:00:00",605.07
"2016-09-29 00:00:00",605.21
"2016-09-30 00:00:00",608.03
"2016-10-01 00:00:00",615.44
"2016-10-02 00:00:00",611.07
"2016-10-03 00:00:00",612.22
"2016-10-04 00:00:00",609.52
"2016-10-05 00:00:00",611.76
"2016-10-06 00:00:00",610.7
"2016-10-07 00:00:00",616.76
"2016-10-08 00:00:00",618.39
"2016-10-09 00:00:00",616.15
"2016-10-10 00:00:00",617.48
"2016-10-11 00:00:00",641.3
"2016-10-12 00:00:00",635.96
"2016-10-13 00:00:00",634.89
"2016-10-14 00:00:00",636.98
"2016-10-15 00:00:00",637.21
"2016-10-16 00:00:00",640.6
"2016-10-17 00:00:00",637.23
"2016-10-18 00:00:00",635.63
"2016-10-19 00:00:00",629.08
"2016-10-20 00:00:00",628.81
"2016-10-21 00:00:00",630.32
"2016-10-22 00:00:00",656.46
"2016-10-23 00:00:00",653.39
"2016-10-24 00:00:00",650.79
"2016-10-25 00:00:00",650.96
"2016-10-26 00:00:00",675.87
"2016-10-27 00:00:00",682.73
"2016-10-28 00:00:00",687.66
"2016-10-29 00:00:00",716.35
"2016-10-30 00:00:00",697.19
"2016-10-31 00:00:00",699.13
"2016-11-01 00:00:00",726.56
"2016-11-02 00:00:00",733.24
"2016-11-03 00:00:00",684.75
"2016-11-04 00:00:00",701.79
"2016-11-05 00:00:00",703.94
"2016-11-06 00:00:00",710.1
"2016-11-07 00:00:00",706.35
"2016-11-08 00:00:00",711.72
"2016-11-09 00:00:00",722.03
"2016-11-10 00:00:00",715.74
"2016-11-11 00:00:00",714.67
"2016-11-12 00:00:00",703.63
"2016-11-13 00:00:00",702.54
"2016-11-14 00:00:00",703.9
"2016-11-15 00:00:00",711.68
"2016-11-16 00:00:00",740.25
"2016-11-17 00:00:00",737.58
"2016-11-18 00:00:00",747.53
"2016-11-19 00:00:00",748.35
"2016-11-20 00:00:00",728.84
"2016-11-21 00:00:00",735.68
"2016-11-22 00:00:00",749.72
"2016-11-23 00:00:00",741.22
"2016-11-24 00:00:00",734.25
"2016-11-25 00:00:00",739.01
"2016-11-26 00:00:00",734.65
"2016-11-27 00:00:00",729.62
"2016-11-28 00:00:00",733.23
"2016-11-29 00:00:00",732.27
"2016-11-30 00:00:00",742.5
"2016-12-01 00:00:00",752.9
"2016-12-02 00:00:00",772.09
"2016-12-03 00:00:00",765.16
"2016-12-04 00:00:00",767.47
"2016-12-05 00:00:00",754.57
"2016-12-06 00:00:00",759.06
"2016-12-07 00:00:00",765.44
"2016-12-08 00:00:00",768.58
"2016-12-09 00:00:00",770.56
"2016-12-10 00:00:00",775.26
"2016-12-11 00:00:00",768.53
"2016-12-12 00:00:00",777.88
"2016-12-13 00:00:00",778.96
"2016-12-14 00:00:00",777.16
"2016-12-15 00:00:00",774.7
"2016-12-16 00:00:00",782.98
"2016-12-17 00:00:00",788.8
"2016-12-18 00:00:00",786.85
"2016-12-19 00:00:00",789.21
"2016-12-20 00:00:00",799.68
"2016-12-21 00:00:00",831.42
"2016-12-22 00:00:00",858.48
"2016-12-23 00:00:00",909.46
"2016-12-24 00:00:00",893.03
"2016-12-25 00:00:00",892.44
"2016-12-26 00:00:00",895.84
"2016-12-27 00:00:00",925.95
"2016-12-28 00:00:00",975.35
"2016-12-29 00:00:00",971.58
"2016-12-30 00:00:00",961.24
"2016-12-31 00:00:00",965.31
"2017-01-01 00:00:00",998.2
"2017-01-02 00:00:00",1020.56
"2017-01-03 00:00:00",1035.27
"2017-01-04 00:00:00",1135.99
"2017-01-05 00:00:00",991.61
"2017-01-06 00:00:00",892.13
"2017-01-07 00:00:00",892.03
"2017-01-08 00:00:00",904.93
"2017-01-09 00:00:00",901.43
"2017-01-10 00:00:00",905.93
"2017-01-11 00:00:00",786.05
"2017-01-12 00:00:00",811.48
"2017-01-13 00:00:00",826.23
"2017-01-14 00:00:00",820.18
"2017-01-15 00:00:00",821.73
"2017-01-16 00:00:00",826.29
"2017-01-17 00:00:00",903.34
"2017-01-18 00:00:00",874.55
"2017-01-19 00:00:00",894.8
"2017-01-20 00:00:00",893.71
"2017-01-21 00:00:00",919.97
"2017-01-22 00:00:00",919.65
"2017-01-23 00:00:00",923.63
"2017-01-24 00:00:00",892.99
"2017-01-25 00:00:00",893.0
"2017-01-26 00:00:00",917.48
"2017-01-27 00:00:00",920.18
"2017-01-28 00:00:00",919.54
"2017-01-29 00:00:00",915.1
"2017-01-30 00:00:00",920.54
"2017-01-31 00:00:00",965.69
"2017-02-01 00:00:00",983.34
"2017-02-02 00:00:00",1003.32
"2017-02-03 00:00:00",1015.15
"2017-02-04 00:00:00",1037.61
"2017-02-05 00:00:00",1015.08
"2017-02-06 00:00:00",1024.29
"2017-02-07 00:00:00",1054.35
"2017-02-08 00:00:00",1057.53
"2017-02-09 00:00:00",980.85
"2017-02-10 00:00:00",998.24
"2017-02-11 00:00:00",1006.59
"2017-02-12 00:00:00",999.83
"2017-02-13 00:00:00",995.47
"2017-02-14 00:00:00",1010.11
"2017-02-15 00:00:00",1009.79
"2017-02-16 00:00:00",1033.41
"2017-02-17 00:00:00",1051.98
"2017-02-18 00:00:00",1053.55
"2017-02-19 00:00:00",1049.72
"2017-02-20 00:00:00",1078.29
"2017-02-21 00:00:00",1123.86
"2017-02-22 00:00:00",1123.12
"2017-02-23 00:00:00",1173.69
"2017-02-24 00:00:00",1177.88
"2017-02-25 00:00:00",1148.38
"2017-02-26 00:00:00",1175.34
"2017-02-27 00:00:00",1190.77
"2017-02-28 00:00:00",1187.64
"2017-03-01 00:00:00",1224.25
"2017-03-02 00:00:00",1254.38
"2017-03-03 00:00:00",1283.05
"2017-03-04 00:00:00",1264.58
"2017-03-05 00:00:00",1274.22
"2017-03-06 00:00:00",1279.71
"2017-03-07 00:00:00",1233.82
"2017-03-08 00:00:00",1148.55
"2017-03-09 00:00:00",1194.04
"2017-03-10 00:00:00",1110.74
"2017-03-11 00:00:00",1180.05
"2017-03-12 00:00:00",1224.22
"2017-03-13 00:00:00",1241.34
"2017-03-14 00:00:00",1243.43
"2017-03-15 00:00:00",1253.97
"2017-03-16 00:00:00",1172.67
"2017-03-17 00:00:00",1066.79
"2017-03-18 00:00:00",971.73
"2017-03-19 00:00:00",1022.12
"2017-03-20 00:00:00",1047.61
"2017-03-21 00:00:00",1118.88
"2017-03-22 00:00:00",1042.38
"2017-03-23 00:00:00",1030.65
"2017-03-24 00:00:00",940.07
"2017-03-25 00:00:00",965.46
"2017-03-26 00:00:00",970.64
"2017-03-27 00:00:00",1043.87
"2017-03-28 00:00:00",1044.25
"2017-03-29 00:00:00",1043.25
"2017-03-30 00:00:00",1038.61
"2017-03-31 00:00:00",1079.85
"2017-04-01 00:00:00",1086.91
"2017-04-02 00:00:00",1098.06
"2017-04-03 00:00:00",1148.28
"2017-04-04 00:00:00",1141.94
"2017-04-05 00:00:00",1130.1
"2017-04-06 00:00:00",1186.86
"2017-04-07 00:00:00",1192.49
"2017-04-08 00:00:00",1182.57
"2017-04-09 00:00:00",1203.76
"2017-04-10 00:00:00",1208.15
"2017-04-11 00:00:00",1221.84
"2017-04-12 00:00:00",1212.23
"2017-04-13 00:00:00",1176.4
"2017-04-14 00:00:00",1177.35
"2017-04-15 00:00:00",1177.84
"2017-04-16 00:00:00",1171.68
"2017-04-17 00:00:00",1194.87
"2017-04-18 00:00:00",1204.94
"2017-04-19 00:00:00",1216.54
"2017-04-20 00:00:00",1237.27
"2017-04-21 00:00:00",1253.09
"2017-04-22 00:00:00",1238.63
"2017-04-23 00:00:00",1248.66
"2017-04-24 00:00:00",1249.01
"2017-04-25 00:00:00",1268.74
"2017-04-26 00:00:00",1287.32
"2017-04-27 00:00:00",1338.39
"2017-04-28 00:00:00",1335.28
"2017-04-29 00:00:00",1333.76
"2017-04-30 00:00:00",1360.75
"2017-05-01 00:00:00",1413.79
"2017-05-02 00:00:00",1451.55
"2017-05-03 00:00:00",1493.05
"2017-05-04 00:00:00",1524.57
"2017-05-05 00:00:00",1510.28
"2017-05-06 00:00:00",1552.26
"2017-05-07 00:00:00",1542.58
"2017-05-08 00:00:00",1666.75
"2017-05-09 00:00:00",1684.68
"2017-05-10 00:00:00",1777.32
"2017-05-11 00:00:00",1822.79
"2017-05-12 00:00:00",1686.75
"2017-05-13 00:00:00",1777.86
"2017-05-14 00:00:00",1777.62
"2017-05-15 00:00:00",1719.2
"2017-05-16 00:00:00",1743.76
"2017-05-17 00:00:00",1806.3
"2017-05-18 00:00:00",1886.62
"2017-05-19 00:00:00",1963.86
"2017-05-20 00:00:00",2045.55
"2017-05-21 00:00:00",2045.61
"2017-05-22 00:00:00",2119.29
"2017-05-23 00:00:00",2275.17
"2017-05-24 00:00:00",2438.47
"2017-05-25 00:00:00",2306.96
"2017-05-26 00:00:00",2248.52
"2017-05-27 00:00:00",2052.43
"2017-05-28 00:00:00",2189.02
"2017-05-29 00:00:00",2278.21
"2017-05-30 00:00:00",2192.55
"2017-05-31 00:00:00",2303.34
"2017-06-01 00:00:00",2412.65
"2017-06-02 00:00:00",2492.6
"2017-06-03 00:00:00",2545.43
"2017-06-04 00:00:00",2524.06
"2017-06-05 00:00:00",2704.96
"2017-06-06 00:00:00",2870.5
"2017-06-07 00:00:00",2691.51
"2017-06-08 00:00:00",2798.78
"2017-06-09 00:00:00",2811.43
"2017-06-10 00:00:00",2900.25
"2017-06-11 00:00:00",2973.45
"2017-06-12 00:00:00",2656.77
"2017-06-13 00:00:00",2712.99
"2017-06-14 00:00:00",2467.27
"2017-06-15 00:00:00",2442.46
"2017-06-16 00:00:00",2508.58
"2017-06-17 00:00:00",2655.1
"2017-06-18 00:00:00",2539.56
"2017-06-19 00:00:00",2616.82
"2017-06-20 00:00:00",2754.38
"2017-06-21 00:00:00",2677.62
"2017-06-22 00:00:00",2722.84
"2017-06-23 00:00:00",2710.37
"2017-06-24 00:00:00",2590.05
"2017-06-25 00:00:00",2541.62
"2017-06-26 00:00:00",2446.05
"2017-06-27 00:00:00",2583.75
"2017-06-28 00:00:00",2577.74
"2017-06-29 00:00:00",2558.37
"2017-06-30 00:00:00",2480.61
"2017-07-01 00:00:00",2424.61
"2017-07-02 00:00:00",2536.46
"2017-07-03 00:00:00",2572.47
"2017-07-04 00:00:00",2617.32
"2017-07-05 00:00:00",2627.86
"2017-07-06 00:00:00",2614.24
"2017-07-07 00:00:00",2513.88
"2017-07-08 00:00:00",2564.86
"2017-07-09 00:00:00",2511.43
"2017-07-10 00:00:00",2344.02
"2017-07-11 00:00:00",2324.29
"2017-07-12 00:00:00",2403.09
"2017-07-13 00:00:00",2362.44
"2017-07-14 00:00:00",2234.17
"2017-07-15 00:00:00",1975.08
"2017-07-16 00:00:00",1914.09
"2017-07-17 00:00:00",2233.39
"2017-07-18 00:00:00",2320.23
"2017-07-19 00:00:00",2282.58
"2017-07-20 00:00:00",2866.02
"2017-07-21 00:00:00",2675.08
"2017-07-22 00:00:00",2836.53
"2017-07-23 00:00:00",2756.61
"2017-07-24 00:00:00",2763.42
"2017-07-25 00:00:00",2582.58
"2017-07-26 00:00:00",2559.21
"2017-07-27 00:00:00",2691.88
"2017-07-28 00:00:00",2806.75
"2017-07-29 00:00:00",2733.5
"2017-07-30 00:00:00",2766.49
"2017-07-31 00:00:00",2883.27
"2017-08-01 00:00:00",2746.99
"2017-08-02 00:00:00",2720.53
"2017-08-03 00:00:00",2809.99
"2017-08-04 00:00:00",2878.49
"2017-08-05 00:00:00",3262.8
"2017-08-06 00:00:00",3232.03
"2017-08-07 00:00:00",3401.91
"2017-08-08 00:00:00",3429.38
"2017-08-09 00:00:00",3348.79
"2017-08-10 00:00:00",3425.67
"2017-08-11 00:00:00",3654.37
"2017-08-12 00:00:00",3871.62
"2017-08-13 00:00:00",4062.6
"2017-08-14 00:00:00",4327.94
"2017-08-15 00:00:00",4161.66
"2017-08-16 00:00:00",4387.4
"2017-08-17 00:00:00",4278.92
"2017-08-18 00:00:00",4105.37
"2017-08-19 00:00:00",4150.45
"2017-08-20 00:00:00",4066.6
"2017-08-21 00:00:00",4005.1
"2017-08-22 00:00:00",4089.7
"2017-08-23 00:00:00",4141.09
"2017-08-24 00:00:00",4318.35
"2017-08-25 00:00:00",4364.41
"2017-08-26 00:00:00",4352.3
"2017-08-27 00:00:00",4345.75
"2017-08-28 00:00:00",4390.31
"2017-08-29 00:00:00",4597.31
"2017-08-30 00:00:00",4583.02
"2017-08-31 00:00:00",4735.11
"2017-09-01 00:00:00",4921.85
"2017-09-02 00:00:00",4573.8
"2017-09-03 00:00:00",4612.92
"2017-09-04 00:00:00",4267.45
"2017-09-05 00:00:00",4409.08
"2017-09-06 00:00:00",4618.71
"2017-09-07 00:00:00",4635.6
"2017-09-08 00:00:00",4326.45
"2017-09-09 00:00:00",4335.13
"2017-09-10 00:00:00",4245.89
"2017-09-11 00:00:00",4217.9
"2017-09-12 00:00:00",4158.92
"2017-09-13 00:00:00",3870.29
"2017-09-14 00:00:00",3243.08
"2017-09-15 00:00:00",3713.76
"2017-09-16 00:00:00",3698.92
"2017-09-17 00:00:00",3689.61
"2017-09-18 00:00:00",4100.28
"2017-09-19 00:00:00",3907.96
"2017-09-20 00:00:00",3882.16
"2017-09-21 00:00:00",3617.27
"2017-09-22 00:00:00",3600.83
"2017-09-23 00:00:00",3788.02
"2017-09-24 00:00:00",3667.52
"2017-09-25 00:00:00",3932.83
"2017-09-26 00:00:00",3892.7
"2017-09-27 00:00:00",4212.2
"2017-09-28 00:00:00",4195.65
"2017-09-29 00:00:00",4172.79
"2017-09-30 00:00:00",4360.62
"2017-10-01 00:00:00",4403.09
"2017-10-02 00:00:00",4401.32
"2017-10-03 00:00:00",4314.18
"2017-10-04 00:00:00",4218.66
"2017-10-05 00:00:00",4321.44
"2017-10-06 00:00:00",4371.94
"2017-10-07 00:00:00",4435.81
"2017-10-08 00:00:00",4611.7
"2017-10-09 00:00:00",4777.49
"2017-10-10 00:00:00",4763.36
"2017-10-11 00:00:00",4824.2
"2017-10-12 00:00:00",5432.62
"2017-10-13 00:00:00",5637.26
"2017-10-14 00:00:00",5824.71
"2017-10-15 00:00:00",5688.14
"2017-10-16 00:00:00",5759.33
"2017-10-17 00:00:00",5598.58
"2017-10-18 00:00:00",5575.83
"2017-10-19 00:00:00",5698.65
"2017-10-20 00:00:00",5993.11
"2017-10-21 00:00:00",6006.65
"2017-10-22 00:00:00",5982.86
"2017-10-23 00:00:00",5903.61
"2017-10-24 00:00:00",5513.08
"2017-10-25 00:00:00",5734.0
"2017-10-26 00:00:00",5887.61
"2017-10-27 00:00:00",5764.56
"2017-10-28 00:00:00",5726.61
"2017-10-29 00:00:00",6147.52
"2017-10-30 00:00:00",6124.28
"2017-10-31 00:00:00",6451.24
"2017-11-01 00:00:00",6737.78
"2017-11-02 00:00:00",7024.81
"2017-11-03 00:00:00",7152.12
"2017-11-04 00:00:00",7363.8
"2017-11-05 00:00:00",7389.55
"2017-11-06 00:00:00",6959.23
"2017-11-07 00:00:00",7102.75
"2017-11-08 00:00:00",7444.36
"2017-11-09 00:00:00",7129.59
"2017-11-10 00:00:00",6565.8
"2017-11-11 00:00:00",6339.86
"2017-11-12 00:00:00",5878.13
"2017-11-13 00:00:00",6522.45
"2017-11-14 00:00:00",6597.06
"2017-11-15 00:00:00",7283.22
"2017-11-16 00:00:00",7853.68
"2017-11-17 00:00:00",7699.95
"2017-11-18 00:00:00",7780.91
"2017-11-19 00:00:00",8042.64
"2017-11-20 00:00:00",8244.69
"2017-11-21 00:00:00",8099.97
"2017-11-22 00:00:00",8234.55
"2017-11-23 00:00:00",8013.41
"2017-11-24 00:00:00",8200.8
"2017-11-25 00:00:00",8754.69
"2017-11-26 00:00:00",9318.42
"2017-11-27 00:00:00",9733.2
"2017-11-28 00:00:00",9906.04
"2017-11-29 00:00:00",9837.86
"2017-11-30 00:00:00",9946.76
"2017-12-01 00:00:00",10861.47
"2017-12-02 00:00:00",10912.73
"2017-12-03 00:00:00",11246.21
"2017-12-04 00:00:00",11623.91
"2017-12-05 00:00:00",11667.13
"2017-12-06 00:00:00",13749.57
"2017-12-07 00:00:00",16850.31
"2017-12-08 00:00:00",16047.61
"2017-12-09 00:00:00",14843.42
"2017-12-10 00:00:00",15059.6
"2017-12-11 00:00:00",16732.47
"2017-12-12 00:00:00",17083.9
"2017-12-13 00:00:00",16286.82
"2017-12-14 00:00:00",16467.91
"2017-12-15 00:00:00",17604.85
"2017-12-16 00:00:00",19345.49
"2017-12-17 00:00:00",19065.71
"2017-12-18 00:00:00",18972.32
"2017-12-19 00:00:00",17523.7
"2017-12-20 00:00:00",16461.97
"2017-12-21 00:00:00",15632.12
"2017-12-22 00:00:00",13664.97
"2017-12-23 00:00:00",14396.46
"2017-12-24 00:00:00",13789.95
"2017-12-25 00:00:00",13833.49
"2017-12-26 00:00:00",15756.56
"2017-12-27 00:00:00",15416.64
"2017-12-28 00:00:00",14398.7
"2017-12-29 00:00:00",14392.57
"2017-12-30 00:00:00",12531.52
"2017-12-31 00:00:00",13850.4
"2018-01-01 00:00:00",13444.88
"2018-01-02 00:00:00",14754.13
"2018-01-03 00:00:00",15156.62
"2018-01-04 00:00:00",15180.08
"2018-01-05 00:00:00",16954.78
"2018-01-06 00:00:00",17172.3
"2018-01-07 00:00:00",16228.16
"2018-01-08 00:00:00",14976.17
"2018-01-09 00:00:00",14468.5
"2018-01-10 00:00:00",14919.49
"2018-01-11 00:00:00",13308.06
"2018-01-12 00:00:00",13841.19
"2018-01-13 00:00:00",14243.12
"2018-01-14 00:00:00",13638.63
"2018-01-15 00:00:00",13631.98
"2018-01-16 00:00:00",11282.49
"2018-01-17 00:00:00",11162.7
"2018-01-18 00:00:00",11175.52
"2018-01-19 00:00:00",11521.76
"2018-01-20 00:00:00",12783.94
"2018-01-21 00:00:00",11549.93
"2018-01-22 00:00:00",10814.52
"2018-01-23 00:00:00",10858.23
"2018-01-24 00:00:00",11429.02
"2018-01-25 00:00:00",11175.87
"2018-01-26 00:00:00",11104.2
"2018-01-27 00:00:00",11459.71
"2018-01-28 00:00:00",11767.74
"2018-01-29 00:00:00",11233.95
"2018-01-30 00:00:00",10107.26
"2018-01-31 00:00:00",10226.86
"2018-02-01 00:00:00",9114.72
"2018-02-02 00:00:00",8870.82
"2018-02-03 00:00:00",9251.27
"2018-02-04 00:00:00",8218.05
"2018-02-05 00:00:00",6937.08
"2018-02-06 00:00:00",7701.25
"2018-02-07 00:00:00",7592.72
"2018-02-08 00:00:00",8260.69
"2018-02-09 00:00:00",8696.83
"2018-02-10 00:00:00",8569.29
"2018-02-11 00:00:00",8084.61
"2018-02-12 00:00:00",8911.27
"2018-02-13 00:00:00",8544.69
"2018-02-14 00:00:00",9485.64
"2018-02-15 00:00:00",10033.75
"2018-02-16 00:00:00",10188.73
"2018-02-17 00:00:00",11097.21
"2018-02-18 00:00:00",10417.23
"2018-02-19 00:00:00",11182.28
"2018-02-20 00:00:00",11256.43
"2018-02-21 00:00:00",10481.66
"2018-02-22 00:00:00",9847.96
"2018-02-23 00:00:00",10175.51
"2018-02-24 00:00:00",9705.73
"2018-02-25 00:00:00",9610.11
"2018-02-26 00:00:00",10326.5
"2018-02-27 00:00:00",10594.76
"2018-02-28 00:00:00",10334.44
"2018-03-01 00:00:00",10929.37
"2018-03-02 00:00:00",11043.12
"2018-03-03 00:00:00",11465.36
"2018-03-04 00:00:00",11504.42
"2018-03-05 00:00:00",11440.73
"2018-03-06 00:00:00",10735.45
"2018-03-07 00:00:00",9928.56
"2018-03-08 00:00:00",9316.72
"2018-03-09 00:00:00",9252.76
"2018-03-10 00:00:00",8797.27
"2018-03-11 00:00:00",9544.84
"2018-03-12 00:00:00",9142.15
"2018-03-13 00:00:00",9160.12
"2018-03-14 00:00:00",8217.7
"2018-03-15 00:00:00",8268.41
"2018-03-16 00:00:00",8283.23
"2018-03-17 00:00:00",7883.45
"2018-03-18 00:00:00",8215.4
"2018-03-19 00:00:00",8623.14
"2018-03-20 00:00:00",8920.71
"2018-03-21 00:00:00",8911.35
"2018-03-22 00:00:00",8724.98
"2018-03-23 00:00:00",8934.8
"2018-03-24 00:00:00",8548.06
"2018-03-25 00:00:00",8472.84
"2018-03-26 00:00:00",8152.2
"2018-03-27 00:00:00",7808.48
"2018-03-28 00:00:00",7959.78
"2018-03-29 00:00:00",7106.62
"2018-03-30 00:00:00",6853.76
"2018-03-31 00:00:00",6943.77
"2018-04-01 00:00:00",6835.84
"2018-04-02 00:00:00",7074.6
"2018-04-03 00:00:00",7434.3
"2018-04-04 00:00:00",6815.5
"2018-04-05 00:00:00",6790.45
"2018-04-06 00:00:00",6634.86
"2018-04-07 00:00:00",6917.2
"2018-04-08 00:00:00",7049.92
"2018-04-09 00:00:00",6789.53
"2018-04-10 00:00:00",6871.07
"2018-04-11 00:00:00",6977.13
"2018-04-12 00:00:00",7927.73
"2018-04-13 00:00:00",7899.11
"2018-04-14 00:00:00",8022.51
"2018-04-15 00:00:00",8376.73
"2018-04-16 00:00:00",8079.77
"2018-04-17 00:00:00",7921.63
"2018-04-18 00:00:00",8189.96
"2018-04-19 00:00:00",8301.82
"2018-04-20 00:00:00",8877.08
"2018-04-21 00:00:00",8935.72
"2018-04-22 00:00:00",8823.36
"2018-04-23 00:00:00",8968.25
"2018-04-24 00:00:00",9655.77
"2018-04-25 00:00:00",8873.62
"2018-04-26 00:00:00",9282.12
"2018-04-27 00:00:00",8938.47
"2018-04-28 00:00:00",9351.47
"2018-04-29 00:00:00",9407.04
"2018-04-30 00:00:00",9248.45
"2018-05-01 00:00:00",9077.28
"2018-05-02 00:00:00",9232.19
"2018-05-03 00:00:00",9745.04
"2018-05-04 00:00:00",9699.61
"2018-05-05 00:00:00",9845.9
"2018-05-06 00:00:00",9644.92
"2018-05-07 00:00:00",9377.81
"2018-05-08 00:00:00",9196.13
"2018-05-09 00:00:00",9321.16
"2018-05-10 00:00:00",9032.22
"2018-05-11 00:00:00",8421.0
"2018-05-12 00:00:00",8486.67
"2018-05-13 00:00:00",8709.46
"2018-05-14 00:00:00",8672.9
"2018-05-15 00:00:00",8480.16
"2018-05-16 00:00:00",8344.78
"2018-05-17 00:00:00",8071.04
"2018-05-18 00:00:00",8247.91
"2018-05-19 00:00:00",8249.24
"2018-05-20 00:00:00",8533.0
"2018-05-21 00:00:00",8419.65
"2018-05-22 00:00:00",7992.75
"2018-05-23 00:00:00",7505.77
"2018-05-24 00:00:00",7584.74
"2018-05-25 00:00:00",7475.36
"2018-05-26 00:00:00",7355.06
"2018-05-27 00:00:00",7362.23
"2018-05-28 00:00:00",7118.88
"2018-05-29 00:00:00",7474.75
"2018-05-30 00:00:00",7393.02
"2018-05-31 00:00:00",7502.15
"2018-06-01 00:00:00",7530.55
"2018-06-02 00:00:00",7643.26
"2018-06-03 00:00:00",7719.75
"2018-06-04 00:00:00",7503.2
"2018-06-05 00:00:00",7629.4
"2018-06-06 00:00:00",7661.79
"2018-06-07 00:00:00",7700.11
"2018-06-08 00:00:00",7627.52
"2018-06-09 00:00:00",7513.69
"2018-06-10 00:00:00",6773.72
"2018-06-11 00:00:00",6887.37
"2018-06-12 00:00:00",6556.94
"2018-06-13 00:00:00",6310.43
"2018-06-14 00:00:00",6643.26
"2018-06-15 00:00:00",6396.71
"2018-06-16 00:00:00",6503.1
"2018-06-17 00:00:00",6457.78
"2018-06-18 00:00:00",6714.82
"2018-06-19 00:00:00",6741.28
"2018-06-20 00:00:00",6761.27
"2018-06-21 00:00:00",6720.64
"2018-06-22 00:00:00",6051.47
"2018-06-23 00:00:00",6166.54
"2018-06-24 00:00:00",6157.78
"2018-06-25 00:00:00",6260.35
"2018-06-26 00:00:00",6088.39
"2018-06-27 00:00:00",6141.57
"2018-06-28 00:00:00",5871.28
"2018-06-29 00:00:00",6203.8
"2018-06-30 00:00:00",6385.38
"2018-07-01 00:00:00",6339.04
"2018-07-02 00:00:00",6615.66
"2018-07-03 00:00:00",6509.58
"2018-07-04 00:00:00",6590.06
"2018-07-05 00:00:00",6534.81
"2018-07-06 00:00:00",6602.02
"2018-07-07 00:00:00",6758.08
"2018-07-08 00:00:00",6707.38
"2018-07-09 00:00:00",6668.84
"2018-07-10 00:00:00",6306.85
"2018-07-11 00:00:00",6394.36
"2018-07-12 00:00:00",6253.6
"2018-07-13 00:00:00",6229.83
"2018-07-14 00:00:00",6268.75
"2018-07-15 00:00:00",6364.26
"2018-07-16 00:00:00",6740.55
"2018-07-17 00:00:00",7326.7
"2018-07-18 00:00:00",7383.39
"2018-07-19 00:00:00",7477.5
"2018-07-20 00:00:00",7333.93
"2018-07-21 00:00:00",7405.4
"2018-07-22 00:00:00",7398.64
"2018-07-23 00:00:00",7718.0
"2018-07-24 00:00:00",8395.82
"2018-07-25 00:00:00",8170.23
"2018-07-26 00:00:00",7937.25
"2018-07-27 00:00:00",8182.89
"2018-07-28 00:00:00",8230.87
"2018-07-29 00:00:00",8216.78
"2018-07-30 00:00:00",8176.06
"2018-07-31 00:00:00",7735.3
"2018-08-01 00:00:00",7610.9
"2018-08-02 00:00:00",7542.34
"2018-08-03 00:00:00",7417.6
"2018-08-04 00:00:00",7017.89
"2018-08-05 00:00:00",7042.39
"2018-08-06 00:00:00",6945.78
"2018-08-07 00:00:00",6723.21
"2018-08-08 00:00:00",6285.02
"2018-08-09 00:00:00",6543.24
"2018-08-10 00:00:00",6153.41
"2018-08-11 00:00:00",6242.54
"2018-08-12 00:00:00",6322.92
"2018-08-13 00:00:00",6263.2
"2018-08-14 00:00:00",6199.6
"2018-08-15 00:00:00",6274.22
"2018-08-16 00:00:00",6323.81
"2018-08-17 00:00:00",6591.16
"2018-08-18 00:00:00",6405.71
"2018-08-19 00:00:00",6502.18
"2018-08-20 00:00:00",6269.9
"2018-08-21 00:00:00",6491.11
"2018-08-22 00:00:00",6366.13
"2018-08-23 00:00:00",6538.95
"2018-08-24 00:00:00",6708.96
"2018-08-25 00:00:00",6749.56
"2018-08-26 00:00:00",6720.6
"2018-08-27 00:00:00",6915.73
"2018-08-28 00:00:00",7091.38
"2018-08-29 00:00:00",7052.0
"2018-08-30 00:00:00",6998.76
"2018-08-31 00:00:00",7026.96
"2018-09-01 00:00:00",7203.46
"2018-09-02 00:00:00",7301.26
"2018-09-03 00:00:00",7270.05
"2018-09-04 00:00:00",7369.86
"2018-09-05 00:00:00",6705.03
"2018-09-06 00:00:00",6515.42
"2018-09-07 00:00:00",6411.78
"2018-09-08 00:00:00",6200.16
"2018-09-09 00:00:00",6249.07
"2018-09-10 00:00:00",6324.43
"2018-09-11 00:00:00",6295.54
"2018-09-12 00:00:00",6337.11
"2018-09-13 00:00:00",6492.0
"2018-09-14 00:00:00",6486.01
"2018-09-15 00:00:00",6522.08
"2018-09-16 00:00:00",6502.44
"2018-09-17 00:00:00",6261.48
"2018-09-18 00:00:00",6346.44
"2018-09-19 00:00:00",6398.8
"2018-09-20 00:00:00",6505.9
"2018-09-21 00:00:00",6762.06
"2018-09-22 00:00:00",6716.6
"2018-09-23 00:00:00",6702.7
"2018-09-24 00:00:00",6583.53
"2018-09-25 00:00:00",6437.74
"2018-09-26 00:00:00",6462.6
"2018-09-27 00:00:00",6686.13
"2018-09-28 00:00:00",6635.38
"2018-09-29 00:00:00",6603.75
"2018-09-30 00:00:00",6623.71
"2018-10-01 00:00:00",6594.98
"2018-10-02 00:00:00",6525.47
"2018-10-03 00:00:00",6492.26
"2018-10-04 00:00:00",6579.79
"2018-10-05 00:00:00",6632.87
"2018-10-06 00:00:00",6589.94
"2018-10-07 00:00:00",6601.15
"2018-10-08 00:00:00",6650.07
"2018-10-09 00:00:00",6631.79
"2018-10-10 00:00:00",6581.07
"2018-10-11 00:00:00",6209.47
"2018-10-12 00:00:00",6250.85
"2018-10-13 00:00:00",6267.27
"2018-10-14 00:00:00",6277.73
"2018-10-15 00:00:00",6612.36
"2018-10-16 00:00:00",6583.05
"2018-10-17 00:00:00",6574.52
"2018-10-18 00:00:00",6488.72
"2018-10-19 00:00:00",6469.28
"2018-10-20 00:00:00",6490.56
"2018-10-21 00:00:00",6509.87
"2018-10-22 00:00:00",6483.23
"2018-10-23 00:00:00",6470.22
"2018-10-24 00:00:00",6476.25
"2018-10-25 00:00:00",6462.77
"2018-10-26 00:00:00",6457.21
"2018-10-27 00:00:00",6470.17
"2018-10-28 00:00:00",6470.74
"2018-10-29 00:00:00",6313.91
"2018-10-30 00:00:00",6309.11
"2018-10-31 00:00:00",6342.61
"2018-11-01 00:00:00",6381.3
"2018-11-02 00:00:00",6394.66
"2018-11-03 00:00:00",6376.32
"2018-11-04 00:00:00",6467.05
"2018-11-05 00:00:00",6433.74
"2018-11-06 00:00:00",6479.72
"2018-11-07 00:00:00",6529.68
"2018-11-08 00:00:00",6446.06
"2018-11-09 00:00:00",6377.99
"2018-11-10 00:00:00",6396.37
"2018-11-11 00:00:00",6408.18
"2018-11-12 00:00:00",6375.08
"2018-11-13 00:00:00",6339.17
"2018-11-14 00:00:00",5741.47
"2018-11-15 00:00:00",5647.5
"2018-11-16 00:00:00",5586.27
"2018-11-17 00:00:00",5568.94
"2018-11-18 00:00:00",5615.26
"2018-11-19 00:00:00",4809.62
"2018-11-20 00:00:00",4441.81
"2018-11-21 00:00:00",4593.04
"2018-11-22 00:00:00",4320.68
"2018-11-23 00:00:00",4343.42
"2018-11-24 00:00:00",3854.11
"2018-11-25 00:00:00",4004.15
"2018-11-26 00:00:00",3784.59
"2018-11-27 00:00:00",3822.99
"2018-11-28 00:00:00",4263.55
"2018-11-29 00:00:00",4286.69
"2018-11-30 00:00:00",4009.67
"2018-12-01 00:00:00",4197.46
"2018-12-02 00:00:00",4143.86
"2018-12-03 00:00:00",3871.41
"2018-12-04 00:00:00",3948.44
"2018-12-05 00:00:00",3737.53
"2018-12-06 00:00:00",3485.18
"2018-12-07 00:00:00",3420.57
"2018-12-08 00:00:00",3461.07
"2018-12-09 00:00:00",3592.84
"2018-12-10 00:00:00",3467.16
"2018-12-11 00:00:00",3401.02
"2018-12-12 00:00:00",3485.59
"2018-12-13 00:00:00",3305.11
"2018-12-14 00:00:00",3235.48
"2018-12-15 00:00:00",3232.51
"2018-12-16 00:00:00",3255.37
"2018-12-17 00:00:00",3548.19
"2018-12-18 00:00:00",3715.85
"2018-12-19 00:00:00",3736.54
"2018-12-20 00:00:00",4137.66
"2018-12-21 00:00:00",3898.81
"2018-12-22 00:00:00",4045.24
"2018-12-23 00:00:00",4007.63
"2018-12-24 00:00:00",4081.95
"2018-12-25 00:00:00",3834.73
"2018-12-26 00:00:00",3848.78
"2018-12-27 00:00:00",3646.09
"2018-12-28 00:00:00",3947.86
"2018-12-29 00:00:00",3797.06
"2018-12-30 00:00:00",3896.21
"2018-12-31 00:00:00",3747.39
"2019-01-01 00:00:00",3880.15
"2019-01-02 00:00:00",3961.01
"2019-01-03 00:00:00",3835.86
"2019-01-04 00:00:00",3874.06
"2019-01-05 00:00:00",3855.39
"2019-01-06 00:00:00",4102.85
"2019-01-07 00:00:00",4050.4
"2019-01-08 00:00:00",4040.75
"2019-01-09 00:00:00",4048.34
"2019-01-10 00:00:00",3668.15
"2019-01-11 00:00:00",3669.2
"2019-01-12 00:00:00",3664.38
"2019-01-13 00:00:00",3551.24
"2019-01-14 00:00:00",3703.9
"2019-01-15 00:00:00",3621.24
"2019-01-16 00:00:00",3643.99
"2019-01-17 00:00:00",3685.3
"2019-01-18 00:00:00",3648.05
"2019-01-19 00:00:00",3729.78
"2019-01-20 00:00:00",3567.73
"2019-01-21 00:00:00",3571.92
"2019-01-22 00:00:00",3602.04
"2019-01-23 00:00:00",3572.05
"2019-01-24 00:00:00",3598.52
"2019-01-25 00:00:00",3582.89
"2019-01-26 00:00:00",3596.5
"2019-01-27 00:00:00",3565.08
"2019-01-28 00:00:00",3453.42
"2019-01-29 00:00:00",3418.25
"2019-01-30 00:00:00",3467.21
"2019-01-31 00:00:00",3434.13
"2019-02-01 00:00:00",3461.63
"2019-02-02 00:00:00",3508.68
"2019-02-03 00:00:00",3449.62
"2019-02-04 00:00:00",3431.24
"2019-02-05 00:00:00",3447.66
"2019-02-06 00:00:00",3394.89
"2019-02-07 00:00:00",3375.33
"2019-02-08 00:00:00",3660.03
"2019-02-09 00:00:00",3652.26
"2019-02-10 00:00:00",3685.14
"2019-02-11 00:00:00",3611.34
"2019-02-12 00:00:00",3617.41
"2019-02-13 00:00:00",3605.87
"2019-02-14 00:00:00",3588.72
"2019-02-15 00:00:00",3593.49
"2019-02-16 00:00:00",3617.24
"2019-02-17 00:00:00",3670.92
"2019-02-18 00:00:00",3912.57
"2019-02-19 00:00:00",3924.24
"2019-02-20 00:00:00",3974.05
"2019-02-21 00:00:00",3937.04
"2019-02-22 00:00:00",3983.53
"2019-02-23 00:00:00",4149.09
"2019-02-24 00:00:00",3771.62
"2019-02-25 00:00:00",3845.51
"2019-02-26 00:00:00",3817.88
"2019-02-27 00:00:00",3830.72
"2019-02-28 00:00:00",3823.37
"2019-03-01 00:00:00",3831.48
"2019-03-02 00:00:00",3842.94
"2019-03-03 00:00:00",3812.31
"2019-03-04 00:00:00",3731.28
"2019-03-05 00:00:00",3874.18
"2019-03-06 00:00:00",3874.98
"2019-03-07 00:00:00",3882.61
"2019-03-08 00:00:00",3868.02
"2019-03-09 00:00:00",3947.74
"2019-03-10 00:00:00",3929.84
"2019-03-11 00:00:00",3874.89
"2019-03-12 00:00:00",3888.57
"2019-03-13 00:00:00",3878.44
"2019-03-14 00:00:00",3881.44
"2019-03-15 00:00:00",3927.08
"2019-03-16 00:00:00",4027.01
"2019-03-17 00:00:00",3998.0
"2019-03-18 00:00:00",3988.85
"2019-03-19 00:00:00",4024.14
"2019-03-20 00:00:00",4056.75
"2019-03-21 00:00:00",3996.93
"2019-03-22 00:00:00",4000.84
"2019-03-23 00:00:00",4007.21
"2019-03-24 00:00:00",3994.11
"2019-03-25 00:00:00",3924.55
"2019-03-26 00:00:00",3942.22
"2019-03-27 00:00:00",4045.98
"2019-03-28 00:00:00",4036.45
"2019-03-29 00:00:00",4111.38
"2019-03-30 00:00:00",4118.13
"2019-03-31 00:00:00",4112.69
"2019-04-01 00:00:00",4151.32
"2019-04-02 00:00:00",4906.93
"2019-04-03 00:00:00",4976.59
"2019-04-04 00:00:00",4913.36
"2019-04-05 00:00:00",5047.23
"2019-04-06 00:00:00",5057.25
"2019-04-07 00:00:00",5201.16
"2019-04-08 00:00:00",5294.09
"2019-04-09 00:00:00",5201.3
"2019-04-10 00:00:00",5318.6
"2019-04-11 00:00:00",5048.56
"2019-04-12 00:00:00",5081.5
"2019-04-13 00:00:00",5080.66
"2019-04-14 00:00:00",5165.59
"2019-04-15 00:00:00",5037.27
"2019-04-16 00:00:00",5212.81
"2019-04-17 00:00:00",5236.26
"2019-04-18 00:00:00",5289.75
"2019-04-19 00:00:00",5295.53
"2019-04-20 00:00:00",5326.18
"2019-04-21 00:00:00",5305.74
"2019-04-22 00:00:00",5394.67
"2019-04-23 00:00:00",5539.1
"2019-04-24 00:00:00",5454.58
"2019-04-25 00:00:00",5162.67
"2019-04-26 00:00:00",5234.09
"2019-04-27 00:00:00",5233.47
"2019-04-28 00:00:00",5272.45
"2019-04-29 00:00:00",5237.96
"2019-04-30 00:00:00",5350.64
"2019-05-01 00:00:00",5389.54
"2019-05-02 00:00:00",5500.72
"2019-05-03 00:00:00",5753.38
"2019-05-04 00:00:00",5840.08
"2019-05-05 00:00:00",5794.14
"2019-05-06 00:00:00",5748.17
"2019-05-07 00:00:00",5819.57
"2019-05-08 00:00:00",5998.71
"2019-05-09 00:00:00",6171.96
"2019-05-10 00:00:00",6358.29
"2019-05-11 00:00:00",7191.36
"2019-05-12 00:00:00",6977.63
"2019-05-13 00:00:00",7806.36
"2019-05-14 00:00:00",7980.13
"2019-05-15 00:00:00",8183.83
"2019-05-16 00:00:00",7874.11
"2019-05-17 00:00:00",7371.96
"2019-05-18 00:00:00",7266.08
"2019-05-19 00:00:00",8193.14
"2019-05-20 00:00:00",7998.29
"2019-05-21 00:00:00",7947.93
"2019-05-22 00:00:00",7626.89
"2019-05-23 00:00:00",7876.5
"2019-05-24 00:00:00",7996.4
"2019-05-25 00:00:00",8059.13
"2019-05-26 00:00:00",8726.23
"2019-05-27 00:00:00",8785.17
"2019-05-28 00:00:00",8718.85
"2019-05-29 00:00:00",8664.56
"2019-05-30 00:00:00",8276.25
"2019-05-31 00:00:00",8550.67
"2019-06-01 00:00:00",8555.87
"2019-06-02 00:00:00",8737.91
"2019-06-03 00:00:00",8114.49
"2019-06-04 00:00:00",7677.47
"2019-06-05 00:00:00",7791.29
"2019-06-06 00:00:00",7807.36
"2019-06-07 00:00:00",8002.63
"2019-06-08 00:00:00",7933.78
"2019-06-09 00:00:00",7643.44
"2019-06-10 00:00:00",8021.0
"2019-06-11 00:00:00",7917.32
"2019-06-12 00:00:00",8174.14
"2019-06-13 00:00:00",8235.57
"2019-06-14 00:00:00",8693.96
"2019-06-15 00:00:00",8853.56
"2019-06-16 00:00:00",8979.18
"2019-06-17 00:00:00",9336.01
"2019-06-18 00:00:00",9081.71
"2019-06-19 00:00:00",9280.54
"2019-06-20 00:00:00",9536.85
"2019-06-21 00:00:00",10218.87
"2019-06-22 00:00:00",10689.54
"2019-06-23 00:00:00",10855.99
"2019-06-24 00:00:00",11035.74
"2019-06-25 00:00:00",11740.34
"2019-06-26 00:00:00",12913.28
"2019-06-27 00:00:00",11154.09
"2019-06-28 00:00:00",12355.06
"2019-06-29 00:00:00",11884.1
"2019-06-30 00:00:00",10769.05
"2019-07-01 00:00:00",10591.87
"2019-07-02 00:00:00",10844.13
"2019-07-03 00:00:00",11981.61
"2019-07-04 00:00:00",11156.52
"2019-07-05 00:00:00",10993.25
"2019-07-06 00:00:00",11248.94
"2019-07-07 00:00:00",11474.28
"2019-07-08 00:00:00",12296.16
"2019-07-09 00:00:00",12567.02
"2019-07-10 00:00:00",12099.12
"2019-07-11 00:00:00",11343.12
"2019-07-12 00:00:00",11797.37
"2019-07-13 00:00:00",11363.97
"2019-07-14 00:00:00",10204.41
"2019-07-15 00:00:00",10850.26
"2019-07-16 00:00:00",9423.44
"2019-07-17 00:00:00",9696.15
"2019-07-18 00:00:00",10638.35
"2019-07-19 00:00:00",10532.94
"2019-07-20 00:00:00",10759.42
"2019-07-21 00:00:00",10586.71
"2019-07-22 00:00:00",10325.87
"2019-07-23 00:00:00",9854.15
"2019-07-24 00:00:00",9772.14
"2019-07-25 00:00:00",9882.43
"2019-07-26 00:00:00",9847.45
"2019-07-27 00:00:00",9478.32
"2019-07-28 00:00:00",9531.77
"2019-07-29 00:00:00",9506.93
"2019-07-30 00:00:00",9595.52
"2019-07-31 00:00:00",10089.25
"2019-08-01 00:00:00",10409.79
"2019-08-02 00:00:00",10528.99
"2019-08-03 00:00:00",10820.41
"2019-08-04 00:00:00",10978.91
"2019-08-05 00:00:00",11807.96
"2019-08-06 00:00:00",11467.1
"2019-08-07 00:00:00",11974.28
"2019-08-08 00:00:00",11982.8
"2019-08-09 00:00:00",11865.21
"2019-08-10 00:00:00",11293.59
"2019-08-11 00:00:00",11549.06
"2019-08-12 00:00:00",11387.41
"2019-08-13 00:00:00",10872.0
"2019-08-14 00:00:00",10031.89
"2019-08-15 00:00:00",10308.51
"2019-08-16 00:00:00",10360.43
"2019-08-17 00:00:00",10220.75
"2019-08-18 00:00:00",10326.25
"2019-08-19 00:00:00",10922.16
"2019-08-20 00:00:00",10770.76
"2019-08-21 00:00:00",10131.67
"2019-08-22 00:00:00",10104.11
"2019-08-23 00:00:00",10410.49
"2019-08-24 00:00:00",10150.07
"2019-08-25 00:00:00",10141.75
"2019-08-26 00:00:00",10364.91
"2019-08-27 00:00:00",10175.47
"2019-08-28 00:00:00",9722.83
"2019-08-29 00:00:00",9492.81
"2019-08-30 00:00:00",9587.25
"2019-08-31 00:00:00",9624.54
"2019-09-01 00:00:00",9768.36
"2019-09-02 00:00:00",10387.5
"2019-09-03 00:00:00",10625.1
"2019-09-04 00:00:00",10585.2
"2019-09-05 00:00:00",10556.16
"2019-09-06 00:00:00",10309.91
"2019-09-07 00:00:00",10491.96
"2019-09-08 00:00:00",10420.88
"2019-09-09 00:00:00",10314.88
"2019-09-10 00:00:00",10109.46
"2019-09-11 00:00:00",10165.01
"2019-09-12 00:00:00",10428.96
"2019-09-13 00:00:00",10372.29
"2019-09-14 00:00:00",10365.56
"2019-09-15 00:00:00",10313.02
"2019-09-16 00:00:00",10271.79
"2019-09-17 00:00:00",10198.62
"2019-09-18 00:00:00",10163.38
"2019-09-19 00:00:00",10281.03
"2019-09-20 00:00:00",10176.38
"2019-09-21 00:00:00",9988.38
"2019-09-22 00:00:00",10036.98
"2019-09-23 00:00:00",9694.6
"2019-09-24 00:00:00",8542.54
"2019-09-25 00:00:00",8446.97
"2019-09-26 00:00:00",8074.99
"2019-09-27 00:00:00",8201.36
"2019-09-28 00:00:00",8223.65
"2019-09-29 00:00:00",8065.26
"2019-09-30 00:00:00",8314.62
"2019-10-01 00:00:00",8326.64
"2019-10-02 00:00:00",8391.52
"2019-10-03 00:00:00",8246.3
"2019-10-04 00:00:00",8168.05
"2019-10-05 00:00:00",8172.48
"2019-10-06 00:00:00",7868.31
"2019-10-07 00:00:00",8215.11
"2019-10-08 00:00:00",8191.87
"2019-10-09 00:00:00",8593.16
"2019-10-10 00:00:00",8596.57
"2019-10-11 00:00:00",8278.05
"2019-10-12 00:00:00",8316.66
"2019-10-13 00:00:00",8296.34
"2019-10-14 00:00:00",8363.94
"2019-10-15 00:00:00",8173.48
"2019-10-16 00:00:00",8014.39
"2019-10-17 00:00:00",8082.46
"2019-10-18 00:00:00",7972.62
"2019-10-19 00:00:00",7973.63
"2019-10-20 00:00:00",8247.25
"2019-10-21 00:00:00",8223.25
"2019-10-22 00:00:00",8034.5
"2019-10-23 00:00:00",7479.54
"2019-10-24 00:00:00",7444.2
"2019-10-25 00:00:00",8671.1
"2019-10-26 00:00:00",9258.98
"2019-10-27 00:00:00",9550.6
"2019-10-28 00:00:00",9222.23
"2019-10-29 00:00:00",9432.86
"2019-10-30 00:00:00",9169.86
"2019-10-31 00:00:00",9157.52
"2019-11-01 00:00:00",9260.59
"2019-11-02 00:00:00",9311.99
"2019-11-03 00:00:00",9221.61
"2019-11-04 00:00:00",9421.54
"2019-11-05 00:00:00",9323.61
"2019-11-06 00:00:00",9347.27
"2019-11-07 00:00:00",9208.52
"2019-11-08 00:00:00",8772.31
"2019-11-09 00:00:00",8822.19
"2019-11-10 00:00:00",9045.85
"2019-11-11 00:00:00",8726.31
"2019-11-12 00:00:00",8815.14
"2019-11-13 00:00:00",8773.82
"2019-11-14 00:00:00",8640.42
"2019-11-15 00:00:00",8468.57
"2019-11-16 00:00:00",8498.94
"2019-11-17 00:00:00",8515.28
"2019-11-18 00:00:00",8190.16
"2019-11-19 00:00:00",8133.57
"2019-11-20 00:00:00",8093.6
"2019-11-21 00:00:00",7632.59
"2019-11-22 00:00:00",7292.2
"2019-11-23 00:00:00",7339.24
"2019-11-24 00:00:00",6930.09
"2019-11-25 00:00:00",7138.23
"2019-11-26 00:00:00",7170.11
"2019-11-27 00:00:00",7531.5
"2019-11-28 00:00:00",7442.33
"2019-11-29 00:00:00",7769.38
"2019-11-30 00:00:00",7571.77
"2019-12-01 00:00:00",7420.53
"2019-12-02 00:00:00",7320.94
"2019-12-03 00:00:00",7313.64
"2019-12-04 00:00:00",7207.78
"2019-12-05 00:00:00",7406.75
"2019-12-06 00:00:00",7558.58
"2019-12-07 00:00:00",7514.86
"2019-12-08 00:00:00",7539.7
"2019-12-09 00:00:00",7350.62
"2019-12-10 00:00:00",7233.84
"2019-12-11 00:00:00",7212.01
"2019-12-12 00:00:00",7199.39
"2019-12-13 00:00:00",7261.72
"2019-12-14 00:00:00",7080.29
"2019-12-15 00:00:00",7132.39
"2019-12-16 00:00:00",6897.33
"2019-12-17 00:00:00",6635.84
"2019-12-18 00:00:00",7294.53
"2019-12-19 00:00:00",7159.26
"2019-12-20 00:00:00",7203.41
"2019-12-21 00:00:00",7159.47
"2019-12-22 00:00:00",7517.58
"2019-12-23 00:00:00",7326.6
"2019-12-24 00:00:00",7260.91
"2019-12-25 00:00:00",7202.72
"2019-12-26 00:00:00",7207.23
"2019-12-27 00:00:00",7253.82
"2019-12-28 00:00:00",7316.23
"2019-12-29 00:00:00",7399.49
"2019-12-30 00:00:00",7234.44
"2019-12-31 00:00:00",7183.88
"2020-01-01 00:00:00",7189.94
"2020-01-02 00:00:00",6965.72
"2020-01-03 00:00:00",7339.7
"2020-01-04 00:00:00",7357.5
"2020-01-05 00:00:00",7359.96
"2020-01-06 00:00:00",7762.69
"2020-01-07 00:00:00",8160.36
"2020-01-08 00:00:00",8045.15
"2020-01-09 00:00:00",7817.35
"2020-01-10 00:00:00",8190.31
"2020-01-11 00:00:00",8024.58
"2020-01-12 00:00:00",8181.49
"2020-01-13 00:00:00",8106.56
"2020-01-14 00:00:00",8820.95
"2020-01-15 00:00:00",8813.21
"2020-01-16 00:00:00",8719.63
"2020-01-17 00:00:00",8894.83
"2020-01-18 00:00:00",8909.28
"2020-01-19 00:00:00",8702.59
"2020-01-20 00:00:00",8634.03
"2020-01-21 00:00:00",8724.84
"2020-01-22 00:00:00",8667.26
"2020-01-23 00:00:00",8394.28
"2020-01-24 00:00:00",8431.78
"2020-01-25 00:00:00",8345.88
"2020-01-26 00:00:00",8602.37
"2020-01-27 00:00:00",8898.94
"2020-01-28 00:00:00",9391.97
"2020-01-29 00:00:00",9286.18
"2020-01-30 00:00:00",9501.38
"2020-01-31 00:00:00",9342.23
"2020-02-01 00:00:00",9384.45
"2020-02-02 00:00:00",9334.25
"2020-02-03 00:00:00",9288.96
"2020-02-04 00:00:00",9171.98
"2020-02-05 00:00:00",9611.42
"2020-02-06 00:00:00",9755.84
"2020-02-07 00:00:00",9808.36
"2020-02-08 00:00:00",9898.25
"2020-02-09 00:00:00",10157.78
"2020-02-10 00:00:00",9858.03
"2020-02-11 00:00:00",10269.43
"2020-02-12 00:00:00",10347.93
"2020-02-13 00:00:00",10233.32
"2020-02-14 00:00:00",10360.37
"2020-02-15 00:00:00",9905.43
"2020-02-16 00:00:00",9925.51
"2020-02-17 00:00:00",9702.48
"2020-02-18 00:00:00",10182.6
"2020-02-19 00:00:00",9602.43
"2020-02-20 00:00:00",9608.8
"2020-02-21 00:00:00",9697.86
"2020-02-22 00:00:00",9671.46
"2020-02-23 00:00:00",9977.39
"2020-02-24 00:00:00",9664.21
"2020-02-25 00:00:00",9316.18
"2020-02-26 00:00:00",8793.5
"2020-02-27 00:00:00",8821.5
"2020-02-28 00:00:00",8719.29
"2020-02-29 00:00:00",8545.45
"2020-03-01 00:00:00",8549.38
"2020-03-02 00:00:00",8919.74
"2020-03-03 00:00:00",8765.68
"2020-03-04 00:00:00",8773.78
"2020-03-05 00:00:00",9074.82
"2020-03-06 00:00:00",9160.39
"2020-03-07 00:00:00",8903.72
"2020-03-08 00:00:00",8057.67
"2020-03-09 00:00:00",7944.4
"2020-03-10 00:00:00",7894.66
"2020-03-11 00:00:00",7945.36
"2020-03-12 00:00:00",4916.78
"2020-03-13 00:00:00",5632.58
"2020-03-14 00:00:00",5181.77
"2020-03-15 00:00:00",5357.02
"2020-03-16 00:00:00",5045.0
"2020-03-17 00:00:00",5337.66
"2020-03-18 00:00:00",5413.06
"2020-03-19 00:00:00",6184.88
"2020-03-20 00:00:00",6206.44
"2020-03-21 00:00:00",6195.43
"2020-03-22 00:00:00",5828.15
"2020-03-23 00:00:00",6503.53
"2020-03-24 00:00:00",6767.18
"2020-03-25 00:00:00",6694.21
"2020-03-26 00:00:00",6757.95
"2020-03-27 00:00:00",6382.8
"2020-03-28 00:00:00",6252.49
"2020-03-29 00:00:00",5882.2
"2020-03-30 00:00:00",6403.31
"2020-03-31 00:00:00",6423.61
"2020-04-01 00:00:00",6663.63
"2020-04-02 00:00:00",6804.42
"2020-04-03 00:00:00",6743.68
"2020-04-04 00:00:00",6875.95
"2020-04-05 00:00:00",6781.64
"2020-04-06 00:00:00",7347.22
"2020-04-07 00:00:00",7201.57
"2020-04-08 00:00:00",7367.37
"2020-04-09 00:00:00",7294.55
"2020-04-10 00:00:00",6876.49
"2020-04-11 00:00:00",6887.6
"2020-04-12 00:00:00",6913.76
"2020-04-13 00:00:00",6859.43
"2020-04-14 00:00:00",6879.44
"2020-04-15 00:00:00",6629.54
"2020-04-16 00:00:00",7114.55
"2020-04-17 00:00:00",7037.12
"2020-04-18 00:00:00",7264.29
"2020-04-19 00:00:00",7132.88
"2020-04-20 00:00:00",6842.45
"2020-04-21 00:00:00",6855.11
"2020-04-22 00:00:00",7135.41
"2020-04-23 00:00:00",7489.25
"2020-04-24 00:00:00",7509.44
"2020-04-25 00:00:00",7546.92
"2020-04-26 00:00:00",7701.35
"2020-04-27 00:00:00",7787.41
"2020-04-28 00:00:00",7760.32
"2020-04-29 00:00:00",8784.96
"2020-04-30 00:00:00",8637.56
"2020-05-01 00:00:00",8829.12
"2020-05-02 00:00:00",8981.11
"2020-05-03 00:00:00",8907.19
"2020-05-04 00:00:00",8881.65
"2020-05-05 00:00:00",9029.75
"2020-05-06 00:00:00",9153.2
"2020-05-07 00:00:00",9999.93
"2020-05-08 00:00:00",9808.18
"2020-05-09 00:00:00",9541.13
"2020-05-10 00:00:00",8735.05
"2020-05-11 00:00:00",8568.88
"2020-05-12 00:00:00",8821.18
"2020-05-13 00:00:00",9317.44
"2020-05-14 00:00:00",9793.19
"2020-05-15 00:00:00",9311.69
"2020-05-16 00:00:00",9387.08
"2020-05-17 00:00:00",9670.56
"2020-05-18 00:00:00",9722.73
"2020-05-19 00:00:00",9780.2
"2020-05-20 00:00:00",9509.45
"2020-05-21 00:00:00",9059.11
"2020-05-22 00:00:00",9170.74
"2020-05-23 00:00:00",9186.19
"2020-05-24 00:00:00",8718.49
"2020-05-25 00:00:00",8901.48
"2020-05-26 00:00:00",8844.5
"2020-05-27 00:00:00",9204.62
"2020-05-28 00:00:00",9579.71
"2020-05-29 00:00:00",9424.62
"2020-05-30 00:00:00",9699.78
"2020-05-31 00:00:00",9450.47
"2020-06-01 00:00:00",10211.23
"2020-06-02 00:00:00",9523.75
"2020-06-03 00:00:00",9666.06
"2020-06-04 00:00:00",9794.55
"2020-06-05 00:00:00",9622.02
"2020-06-06 00:00:00",9671.46
"2020-06-07 00:00:00",9750.7
"2020-06-08 00:00:00",9782.58
"2020-06-09 00:00:00",9779.7
"2020-06-10 00:00:00",9891.84
"2020-06-11 00:00:00",9268.13
"2020-06-12 00:00:00",9464.23
"2020-06-13 00:00:00",9474.65
"2020-06-14 00:00:00",9333.7
"2020-06-15 00:00:00",9429.65
"2020-06-16 00:00:00",9526.7
"2020-06-17 00:00:00",9459.13
"2020-06-18 00:00:00",9380.67
"2020-06-19 00:00:00",9301.83
"2020-06-20 00:00:00",9359.18
"2020-06-21 00:00:00",9292.81
"2020-06-22 00:00:00",9691.61
"2020-06-23 00:00:00",9624.3
"2020-06-24 00:00:00",9292.94
"2020-06-25 00:00:00",9241.32
"2020-06-26 00:00:00",9158.07
"2020-06-27 00:00:00",9007.14
"2020-06-28 00:00:00",9120.39
"2020-06-29 00:00:00",9187.07
"2020-06-30 00:00:00",9136.47
"2020-07-01 00:00:00",9238.89
"2020-07-02 00:00:00",9092.8
"2020-07-03 00:00:00",9066.46
"2020-07-04 00:00:00",9142.2
"2020-07-05 00:00:00",9081.44
"2020-07-06 00:00:00",9347.05
"2020-07-07 00:00:00",9257.32
"2020-07-08 00:00:00",9439.2
"2020-07-09 00:00:00",9238.95
"2020-07-10 00:00:00",9288.57
"2020-07-11 00:00:00",9237.13
"2020-07-12 00:00:00",9300.95
"2020-07-13 00:00:00",9237.89
"2020-07-14 00:00:00",9256.07
"2020-07-15 00:00:00",9193.22
"2020-07-16 00:00:00",9133.23
"2020-07-17 00:00:00",9156.79
"2020-07-18 00:00:00",9177.22
"2020-07-19 00:00:00",9216.02
"2020-07-20 00:00:00",9164.42
"2020-07-21 00:00:00",9392.83
"2020-07-22 00:00:00",9537.24
"2020-07-23 00:00:00",9615.21
"2020-07-24 00:00:00",9550.23
"2020-07-25 00:00:00",9708.41
"2020-07-26 00:00:00",9942.01
"2020-07-27 00:00:00",11042.94
"2020-07-28 00:00:00",10933.26
"2020-07-29 00:00:00",11112.04
"2020-07-30 00:00:00",11113.66
"2020-07-31 00:00:00",11352.72
"2020-08-01 00:00:00",11812.42
"2020-08-02 00:00:00",11063.5
"2020-08-03 00:00:00",11234.73
"2020-08-04 00:00:00",11194.18
"2020-08-05 00:00:00",11752.05
"2020-08-06 00:00:00",11771.27
"2020-08-07 00:00:00",11603.82
"2020-08-08 00:00:00",11770.77
"2020-08-09 00:00:00",11686.34
"2020-08-10 00:00:00",11897.41
"2020-08-11 00:00:00",11389.01
"2020-08-12 00:00:00",11570.19
"2020-08-13 00:00:00",11790.68
"2020-08-14 00:00:00",11774.52
"2020-08-15 00:00:00",11860.91
"2020-08-16 00:00:00",11917.97
"2020-08-17 00:00:00",12301.19
"2020-08-18 00:00:00",11956.69
"2020-08-19 00:00:00",11760.37
"2020-08-20 00:00:00",11863.43
"2020-08-21 00:00:00",11527.35
"2020-08-22 00:00:00",11670.42
"2020-08-23 00:00:00",11651.52
"2020-08-24 00:00:00",11756.4
"2020-08-25 00:00:00",11330.56
"2020-08-26 00:00:00",11466.89
"2020-08-27 00:00:00",11331.02
"2020-08-28 00:00:00",11535.21
"2020-08-29 00:00:00",11480.48
"2020-08-30 00:00:00",11716.54
"2020-08-31 00:00:00",11657.81
"2020-09-01 00:00:00",11926.69
"2020-09-02 00:00:00",11397.9
"2020-09-03 00:00:00",10174.62
"2020-09-04 00:00:00",10467.33
"2020-09-05 00:00:00",10167.97
"2020-09-06 00:00:00",10260.37
"2020-09-07 00:00:00",10379.08
"2020-09-08 00:00:00",10128.54
"2020-09-09 00:00:00",10228.85
"2020-09-10 00:00:00",10345.68
"2020-09-11 00:00:00",10398.5
"2020-09-12 00:00:00",10448.0
"2020-09-13 00:00:00",10332.36
"2020-09-14 00:00:00",10678.31
"2020-09-15 00:00:00",10786.7
"2020-09-16 00:00:00",10957.1
"2020-09-17 00:00:00",10945.14
"2020-09-18 00:00:00",10937.89
"2020-09-19 00:00:00",11083.61
"2020-09-20 00:00:00",10921.85
"2020-09-21 00:00:00",10418.14
"2020-09-22 00:00:00",10534.73
"2020-09-23 00:00:00",10238.09
"2020-09-24 00:00:00",10742.98
"2020-09-25 00:00:00",10694.12
"2020-09-26 00:00:00",10734.23
"2020-09-27 00:00:00",10781.47
"2020-09-28 00:00:00",10699.0
"2020-09-29 00:00:00",10841.29
"2020-09-30 00:00:00",10779.42
"2020-10-01 00:00:00",10622.79
"2020-10-02 00:00:00",10576.64
"2020-10-03 00:00:00",10552.04
"2020-10-04 00:00:00",10675.52
"2020-10-05 00:00:00",10795.11
"2020-10-06 00:00:00",10603.9
"2020-10-07 00:00:00",10672.67
"2020-10-08 00:00:00",10929.4
"2020-10-09 00:00:00",11058.78
"2020-10-10 00:00:00",11301.57
"2020-10-11 00:00:00",11375.51
"2020-10-12 00:00:00",11539.76
"2020-10-13 00:00:00",11427.29
"2020-10-14 00:00:00",11429.3
"2020-10-15 00:00:00",11508.31
"2020-10-16 00:00:00",11326.25
"2020-10-17 00:00:00",11367.65
"2020-10-18 00:00:00",11513.33
"2020-10-19 00:00:00",11756.88
"2020-10-20 00:00:00",11921.78
"2020-10-21 00:00:00",12813.11
"2020-10-22 00:00:00",12990.25
"2020-10-23 00:00:00",12937.2
"2020-10-24 00:00:00",13126.13
"2020-10-25 00:00:00",13041.21
"2020-10-26 00:00:00",13069.43
"2020-10-27 00:00:00",13646.02
"2020-10-28 00:00:00",13285.97
"2020-10-29 00:00:00",13462.18
"2020-10-30 00:00:00",13565.95
"2020-10-31 00:00:00",13803.41
"2020-11-01 00:00:00",13761.72
"2020-11-02 00:00:00",13571.24
"2020-11-03 00:00:00",14023.78
"2020-11-04 00:00:00",14157.73
"2020-11-05 00:00:00",15599.92
"2020-11-06 00:00:00",15590.62
"2020-11-07 00:00:00",14838.16
"2020-11-08 00:00:00",15488.25
"2020-11-09 00:00:00",15335.03
"2020-11-10 00:00:00",15313.73
"2020-11-11 00:00:00",15707.08
"2020-11-12 00:00:00",16306.53
"2020-11-13 00:00:00",16332.85
"2020-11-14 00:00:00",16075.95
"2020-11-15 00:00:00",15964.7
"2020-11-16 00:00:00",16721.46
"2020-11-17 00:00:00",17681.54
"2020-11-18 00:00:00",17786.27
"2020-11-19 00:00:00",17824.64
"2020-11-20 00:00:00",18672.78
"2020-11-21 00:00:00",18704.06
"2020-11-22 00:00:00",18430.59
"2020-11-23 00:00:00",18385.74
"2020-11-24 00:00:00",19157.16
"2020-11-25 00:00:00",18725.76
"2020-11-26 00:00:00",17175.86
"2020-11-27 00:00:00",17155.0
"2020-11-28 00:00:00",17739.9
"2020-11-29 00:00:00",18199.23
"2020-11-30 00:00:00",19686.87
"2020-12-01 00:00:00",18792.03
"2020-12-02 00:00:00",19226.19
"2020-12-03 00:00:00",19448.44
"2020-12-04 00:00:00",18665.0
"2020-12-05 00:00:00",19156.84
"2020-12-06 00:00:00",19378.94
"2020-12-07 00:00:00",19181.41
"2020-12-08 00:00:00",18323.52
"2020-12-09 00:00:00",18549.92
"2020-12-10 00:00:00",18250.47
"2020-12-11 00:00:00",18034.86
"2020-12-12 00:00:00",18814.98
"2020-12-13 00:00:00",19169.05
"2020-12-14 00:00:00",19274.69
"2020-12-15 00:00:00",19441.96
"2020-12-16 00:00:00",21352.13
"2020-12-17 00:00:00",22822.17
"2020-12-18 00:00:00",23135.57
"2020-12-19 00:00:00",23844.72
"2020-12-20 00:00:00",23467.06
"2020-12-21 00:00:00",22727.13
"2020-12-22 00:00:00",23823.32
"2020-12-23 00:00:00",23239.5
"2020-12-24 00:00:00",23724.2
"2020-12-25 00:00:00",24707.98
"2020-12-26 00:00:00",26445.7
"2020-12-27 00:00:00",26249.27
"2020-12-28 00:00:00",27039.45
"2020-12-29 00:00:00",27360.78
"2020-12-30 00:00:00",28889.61
"2020-12-31 00:00:00",28972.4
"2021-01-01 00:00:00",29388.94
"2021-01-02 00:00:00",32203.64
"2021-01-03 00:00:00",33063.48
"2021-01-04 00:00:00",32030.55
"2021-01-05 00:00:00",34038.29
"2021-01-06 00:00:00",36849.86
"2021-01-07 00:00:00",39479.41
"2021-01-08 00:00:00",40636.24
"2021-01-09 00:00:00",40236.66
"2021-01-10 00:00:00",38202.08
"2021-01-11 00:00:00",35496.03
"2021-01-12 00:00:00",34058.4
"2021-01-13 00:00:00",37380.85
"2021-01-14 00:00:00",39155.58
"2021-01-15 00:00:00",36790.17
"2021-01-16 00:00:00",36025.26
"2021-01-17 00:00:00",35839.51
"2021-01-18 00:00:00",36623.04
"2021-01-19 00:00:00",35932.79
"2021-01-20 00:00:00",35501.38
"2021-01-21 00:00:00",30840.3
"2021-01-22 00:00:00",33008.02
"2021-01-23 00:00:00",32107.29
"2021-01-24 00:00:00",32284.95
"2021-01-25 00:00:00",32275.27
"2021-01-26 00:00:00",32516.52
"2021-01-27 00:00:00",30423.05
"2021-01-28 00:00:00",33443.87
"2021-01-29 00:00:00",34252.08
"2021-01-30 00:00:00",34317.82
"2021-01-31 00:00:00",33143.22
"2021-02-01 00:00:00",33535.94
"2021-02-02 00:00:00",35524.43
"2021-02-03 00:00:00",37677.34
"2021-02-04 00:00:00",36983.42
"2021-02-05 00:00:00",38310.24
"2021-02-06 00:00:00",39267.01
"2021-02-07 00:00:00",38868.82
"2021-02-08 00:00:00",46437.41
"2021-02-09 00:00:00",46509.57
"2021-02-10 00:00:00",44854.95
"2021-02-11 00:00:00",48006.18
"2021-02-12 00:00:00",47435.54
"2021-02-13 00:00:00",47222.32
"2021-02-14 00:00:00",48652.87
"2021-02-15 00:00:00",47936.51
"2021-02-16 00:00:00",49184.63
"2021-02-17 00:00:00",52154.91
"2021-02-18 00:00:00",51591.61
"2021-02-19 00:00:00",55933.47
"2021-02-20 00:00:00",55900.84
"2021-02-21 00:00:00",57469.95
"2021-02-22 00:00:00",54121.17
"2021-02-23 00:00:00",48898.7
"2021-02-24 00:00:00",49738.17
"2021-02-25 00:00:00",47082.87
"2021-02-26 00:00:00",46324.5
"2021-02-27 00:00:00",46191.39
"2021-02-28 00:00:00",45261.03
"2021-03-01 00:00:00",49635.07
"2021-03-02 00:00:00",48501.21
"2021-03-03 00:00:00",50392.55
"2021-03-04 00:00:00",48363.74
"2021-03-05 00:00:00",48775.37
"2021-03-06 00:00:00",48892.8
"2021-03-07 00:00:00",50964.18
"2021-03-08 00:00:00",52405.02
"2021-03-09 00:00:00",54928.7
"2021-03-10 00:00:00",55893.31
"2021-03-11 00:00:00",57809.41
"2021-03-12 00:00:00",57256.22
"2021-03-13 00:00:00",61179.79
"2021-03-14 00:00:00",58998.89
"2021-03-15 00:00:00",55665.01
"2021-03-16 00:00:00",56925.01
"2021-03-17 00:00:00",58909.0
"2021-03-18 00:00:00",57643.32
"2021-03-19 00:00:00",58060.21
"2021-03-20 00:00:00",58101.34
"2021-03-21 00:00:00",57374.95
"2021-03-22 00:00:00",54095.36
"2021-03-23 00:00:00",54355.45
"2021-03-24 00:00:00",52303.02
"2021-03-25 00:00:00",51336.09
"2021-03-26 00:00:00",55055.43
"2021-03-27 00:00:00",55863.73
"2021-03-28 00:00:00",55781.01
"2021-03-29 00:00:00",57626.1
"2021-03-30 00:00:00",58781.54
"2021-03-31 00:00:00",58793.8
"2021-04-01 00:00:00",58730.82
"2021-04-02 00:00:00",58987.8
"2021-04-03 00:00:00",57074.97
"2021-04-04 00:00:00",58219.43
"2021-04-05 00:00:00",59119.56
"2021-04-06 00:00:00",58010.35
"2021-04-07 00:00:00",55951.98
"2021-04-08 00:00:00",58084.46
"2021-04-09 00:00:00",58106.85
"2021-04-10 00:00:00",59784.8
"2021-04-11 00:00:00",59980.45
"2021-04-12 00:00:00",59845.76
"2021-04-13 00:00:00",63558.48
"2021-04-14 00:00:00",62964.27
"2021-04-15 00:00:00",63233.03
"2021-04-16 00:00:00",61416.41
"2021-04-17 00:00:00",60056.07
"2021-04-18 00:00:00",56246.82
"2021-04-19 00:00:00",55680.11
"2021-04-20 00:00:00",56496.06
"2021-04-21 00:00:00",53803.25
"2021-04-22 00:00:00",51717.61
"2021-04-23 00:00:00",51178.03
"2021-04-24 00:00:00",50115.99
"2021-04-25 00:00:00",49120.97
"2021-04-26 00:00:00",54062.29
"2021-04-27 00:00:00",55073.48
"2021-04-28 00:00:00",54877.94
"2021-04-29 00:00:00",53581.58
"2021-04-30 00:00:00",57757.97
"2021-05-01 00:00:00",57843.16
"2021-05-02 00:00:00",56623.51
"2021-05-03 00:00:00",57199.7
"2021-05-04 00:00:00",53244.07
"2021-05-05 00:00:00",57506.88
"2021-05-06 00:00:00",56441.94
"2021-05-07 00:00:00",57374.33
"2021-05-08 00:00:00",58943.13
"2021-05-09 00:00:00",58294.18
"2021-05-10 00:00:00",55870.01
"2021-05-11 00:00:00",56747.52
"2021-05-12 00:00:00",49504.08
"2021-05-13 00:00:00",49700.6
"2021-05-14 00:00:00",49887.96
"2021-05-15 00:00:00",46775.29
"2021-05-16 00:00:00",46490.71
"2021-05-17 00:00:00",43552.14
"2021-05-18 00:00:00",42886.02
"2021-05-19 00:00:00",36771.87
"2021-05-20 00:00:00",40597.4
"2021-05-21 00:00:00",37350.39
"2021-05-22 00:00:00",37491.5
"2021-05-23 00:00:00",34716.84
"2021-05-24 00:00:00",38837.76
"2021-05-25 00:00:00",38387.36
"2021-05-26 00:00:00",39295.08
"2021-05-27 00:00:00",38538.84
"2021-05-28 00:00:00",35680.92
"2021-05-29 00:00:00",34611.58
"2021-05-30 00:00:00",35662.59
"2021-05-31 00:00:00",37290.83
"2021-06-01 00:00:00",36683.51
"2021-06-02 00:00:00",37576.98
"2021-06-03 00:00:00",39229.66
"2021-06-04 00:00:00",36861.5
"2021-06-05 00:00:00",35538.4
"2021-06-06 00:00:00",35798.57
"2021-06-07 00:00:00",33582.86
"2021-06-08 00:00:00",33409.38
"2021-06-09 00:00:00",37391.58
"2021-06-10 00:00:00",36680.78
"2021-06-11 00:00:00",37339.98
"2021-06-12 00:00:00",35541.78
"2021-06-13 00:00:00",39017.37
"2021-06-14 00:00:00",40526.63
"2021-06-15 00:00:00",40161.86
"2021-06-16 00:00:00",38345.41
"2021-06-17 00:00:00",38082.3
"2021-06-18 00:00:00",35830.29
"2021-06-19 00:00:00",35515.38
"2021-06-20 00:00:00",35602.26
"2021-06-21 00:00:00",31652.62
"2021-06-22 00:00:00",32537.58
"2021-06-23 00:00:00",33678.64
"2021-06-24 00:00:00",34649.84
"2021-06-25 00:00:00",31593.86
"2021-06-26 00:00:00",32307.35
"2021-06-27 00:00:00",34713.81
"2021-06-28 00:00:00",34487.11
"2021-06-29 00:00:00",35901.41
"2021-06-30 00:00:00",35056.39
"2021-07-01 00:00:00",33543.11
"2021-07-02 00:00:00",33804.54
"2021-07-03 00:00:00",34682.84
"2021-07-04 00:00:00",35287.97
"2021-07-05 00:00:00",33702.79
"2021-07-06 00:00:00",34237.66
"2021-07-07 00:00:00",33880.79
"2021-07-08 00:00:00",32874.01
"2021-07-09 00:00:00",33804.2
"2021-07-10 00:00:00",33515.13
"2021-07-11 00:00:00",34249.3
"2021-07-12 00:00:00",33088.51
"2021-07-13 00:00:00",32737.47
"2021-07-14 00:00:00",32820.5
"2021-07-15 00:00:00",31867.46
"2021-07-16 00:00:00",31401.76
"2021-07-17 00:00:00",31546.64
"2021-07-18 00:00:00",31806.3
"2021-07-19 00:00:00",30847.55
"2021-07-20 00:00:00",29795.55
"2021-07-21 00:00:00",32139.48
"2021-07-22 00:00:00",32299.47
"2021-07-23 00:00:00",33637.92
"2021-07-24 00:00:00",34282.56
"2021-07-25 00:00:00",35369.93
"2021-07-26 00:00:00",37269.52
"2021-07-27 00:00:00",39496.69
"2021-07-28 00:00:00",40030.01
"2021-07-29 00:00:00",40030.52
"2021-07-30 00:00:00",42231.83
"2021-07-31 00:00:00",41474.72
"2021-08-01 00:00:00",39870.76
"2021-08-02 00:00:00",39158.53
"2021-08-03 00:00:00",38189.3
"2021-08-04 00:00:00",39738.56
"2021-08-05 00:00:00",40888.18
"2021-08-06 00:00:00",42852.18
"2021-08-07 00:00:00",44617.96
"2021-08-08 00:00:00",43827.75
"2021-08-09 00:00:00",46292.61
"2021-08-10 00:00:00",45601.03
"2021-08-11 00:00:00",45556.69
"2021-08-12 00:00:00",44425.52
"2021-08-13 00:00:00",47832.93
"2021-08-14 00:00:00",47102.03
"2021-08-15 00:00:00",47015.94
"2021-08-16 00:00:00",45927.4
"2021-08-17 00:00:00",44684.43
"2021-08-18 00:00:00",44714.54
"2021-08-19 00:00:00",46761.49
"2021-08-20 00:00:00",49336.45
"2021-08-21 00:00:00",48867.87
"2021-08-22 00:00:00",49289.71
"2021-08-23 00:00:00",49521.06
"2021-08-24 00:00:00",47690.54
"2021-08-25 00:00:00",48996.44
"2021-08-26 00:00:00",46852.22
"2021-08-27 00:00:00",49088.1
"2021-08-28 00:00:00",48918.9
"2021-08-29 00:00:00",48794.26
"2021-08-30 00:00:00",46993.31
"2021-08-31 00:00:00",47159.26
"2021-09-01 00:00:00",48840.01
"2021-09-02 00:00:00",49280.77
"2021-09-03 00:00:00",50019.51
"2021-09-04 00:00:00",49935.29
"2021-09-05 00:00:00",51784.16
"2021-09-06 00:00:00",52693.32
"2021-09-07 00:00:00",46856.31
"2021-09-08 00:00:00",46073.45
"2021-09-09 00:00:00",46392.85
"2021-09-10 00:00:00",44853.1
"2021-09-11 00:00:00",45166.12
"2021-09-12 00:00:00",46049.72
"2021-09-13 00:00:00",44958.56
"2021-09-14 00:00:00",47129.01
"2021-09-15 00:00:00",48148.45
"2021-09-16 00:00:00",47764.47
"2021-09-17 00:00:00",47297.98
"2021-09-18 00:00:00",48312.46
"2021-09-19 00:00:00",47251.76
"2021-09-20 00:00:00",42925.46
"2021-09-21 00:00:00",40709.59
"2021-09-22 00:00:00",43576.15
"2021-09-23 00:00:00",44893.87
"2021-09-24 00:00:00",42848.41
"2021-09-25 00:00:00",42721.91
"2021-09-26 00:00:00",43201.79
"2021-09-27 00:00:00",42187.51
"2021-09-28 00:00:00",41056.79
"2021-09-29 00:00:00",41539.43
"2021-09-30 00:00:00",43829.34
"2021-10-01 00:00:00",48164.35
"2021-10-02 00:00:00",47669.02
"2021-10-03 00:00:00",48234.05
"2021-10-04 00:00:00",49276.91
"2021-10-05 00:00:00",51504.27
"2021-10-06 00:00:00",55345.85
"2021-10-07 00:00:00",53797.21
"2021-10-08 00:00:00",53949.29
"2021-10-09 00:00:00",54968.04
"2021-10-10 00:00:00",54700.24
"2021-10-11 00:00:00",57498.8
"2021-10-12 00:00:00",56010.9
"2021-10-13 00:00:00",57369.0
"2021-10-14 00:00:00",57359.21
"2021-10-15 00:00:00",61684.96
"2021-10-16 00:00:00",60877.77
"2021-10-17 00:00:00",61520.54
"2021-10-18 00:00:00",62038.16
"2021-10-19 00:00:00",64283.97
"2021-10-20 00:00:00",66021.02
"2021-10-21 00:00:00",62283.96
"2021-10-22 00:00:00",60693.59
"2021-10-23 00:00:00",61313.09
"2021-10-24 00:00:00",60863.56
"2021-10-25 00:00:00",63089.04
"2021-10-26 00:00:00",60315.68
"2021-10-27 00:00:00",58464.42
"2021-10-28 00:00:00",60610.11
"2021-10-29 00:00:00",62282.5
"2021-10-30 00:00:00",61891.91
"2021-10-31 00:00:00",61349.75
"2021-11-01 00:00:00",60960.98
"2021-11-02 00:00:00",63260.05
"2021-11-03 00:00:00",62929.93
"2021-11-04 00:00:00",61448.47
"2021-11-05 00:00:00",61019.66
"2021-11-06 00:00:00",61529.76
"2021-11-07 00:00:00",63302.78
"2021-11-08 00:00:00",67549.14
"2021-11-09 00:00:00",66939.24
"2021-11-10 00:00:00",64926.06
"2021-11-11 00:00:00",64820.8
"2021-11-12 00:00:00",64156.3
"2021-11-13 00:00:00",64409.56
"2021-11-14 00:00:00",65509.06
"2021-11-15 00:00:00",63614.06
"2021-11-16 00:00:00",60108.9
"2021-11-17 00:00:00",60365.6
"2021-11-18 00:00:00",56930.68
"2021-11-19 00:00:00",58136.22
"2021-11-20 00:00:00",59769.66
"2021-11-21 00:00:00",58700.83
"2021-11-22 00:00:00",56303.06
"2021-11-23 00:00:00",57566.6
"2021-11-24 00:00:00",57175.09
"2021-11-25 00:00:00",58966.99
"2021-11-26 00:00:00",53788.22
"2021-11-27 00:00:00",54805.03
"2021-11-28 00:00:00",57331.41
"2021-11-29 00:00:00",57839.55
"2021-11-30 00:00:00",56975.35
"2021-12-01 00:00:00",57227.97
"2021-12-02 00:00:00",56522.76
"2021-12-03 00:00:00",53663.25
"2021-12-04 00:00:00",49243.39
"2021-12-05 00:00:00",49465.5
"2021-12-06 00:00:00",50552.83
"2021-12-07 00:00:00",50633.01
"2021-12-08 00:00:00",50513.04
"2021-12-09 00:00:00",47593.85
"2021-12-10 00:00:00",47191.14
"2021-12-11 00:00:00",49398.4
"2021-12-12 00:00:00",50109.99
"2021-12-13 00:00:00",46731.03
"2021-12-14 00:00:00",48387.69
"2021-12-15 00:00:00",48885.05
"2021-12-16 00:00:00",47635.92
"2021-12-17 00:00:00",46164.14
"2021-12-18 00:00:00",46861.62
"2021-12-19 00:00:00",46697.13
"2021-12-20 00:00:00",46913.54
"2021-12-21 00:00:00",48917.48
"2021-12-22 00:00:00",48614.97
"2021-12-23 00:00:00",50830.2
"2021-12-24 00:00:00",50840.36
"2021-12-25 00:00:00",50431.63
"2021-12-26 00:00:00",50790.88
"2021-12-27 00:00:00",50714.73
"2021-12-28 00:00:00",47536.39
"2021-12-29 00:00:00",46471.7
"2021-12-30 00:00:00",47129.66
"2021-12-31 00:00:00",46197.31
"2022-01-01 00:00:00",47737.35
"2022-01-02 00:00:00",47306.41
"2022-01-03 00:00:00",46450.79
"2022-01-04 00:00:00",45824.54
"2022-01-05 00:00:00",43432.51
"2022-01-06 00:00:00",43094.54
"2022-01-07 00:00:00",41543.79
"2022-01-08 00:00:00",41686.67
"2022-01-09 00:00:00",41869.6
"2022-01-10 00:00:00",41832.59
"2022-01-11 00:00:00",42743.03
"2022-01-12 00:00:00",43919.67
"2022-01-13 00:00:00",42575.61
"2022-01-14 00:00:00",43089.83
"2022-01-15 00:00:00",43088.74
"2022-01-16 00:00:00",43100.36
"2022-01-17 00:00:00",42224.38
"2022-01-18 00:00:00",42372.75
"2022-01-19 00:00:00",41674.8
"2022-01-20 00:00:00",40697.03
"2022-01-21 00:00:00",36469.3
"2022-01-22 00:00:00",35075.92
"2022-01-23 00:00:00",36288.15
"2022-01-24 00:00:00",36702.79
"2022-01-25 00:00:00",36975.99
"2022-01-26 00:00:00",36829.37
"2022-01-27 00:00:00",37189.85
"2022-01-28 00:00:00",37744.7
"2022-01-29 00:00:00",38184.86
"2022-01-30 00:00:00",37908.44
"2022-01-31 00:00:00",38494.66
"2022-02-01 00:00:00",38721.49
"2022-02-02 00:00:00",36918.19
"2022-02-03 00:00:00",37328.64
"2022-02-04 00:00:00",41590.34
"2022-02-05 00:00:00",41418.21
"2022-02-06 00:00:00",42412.41
"2022-02-07 00:00:00",43861.07
"2022-02-08 00:00:00",44080.12
"2022-02-09 00:00:00",44422.91
"2022-02-10 00:00:00",43531.67
"2022-02-11 00:00:00",42398.98
"2022-02-12 00:00:00",42239.01
"2022-02-13 00:00:00",42069.84
"2022-02-14 00:00:00",42552.28
"2022-02-15 00:00:00",44576.33
"2022-02-16 00:00:00",43896.34
"2022-02-17 00:00:00",40545.09
"2022-02-18 00:00:00",39994.66
"2022-02-19 00:00:00",40107.12
"2022-02-20 00:00:00",38397.25
"2022-02-21 00:00:00",37037.39
"2022-02-22 00:00:00",38267.75
"2022-02-23 00:00:00",37270.85
"2022-02-24 00:00:00",38353.62
"2022-02-25 00:00:00",39239.77
"2022-02-26 00:00:00",39134.83
"2022-02-27 00:00:00",37714.96
"2022-02-28 00:00:00",43189.46
"2022-03-01 00:00:00",44428.47
"2022-03-02 00:00:00",43935.37
"2022-03-03 00:00:00",42474.37
"2022-03-04 00:00:00",39154.4
"2022-03-05 00:00:00",39407.02
"2022-03-06 00:00:00",38428.92
"2022-03-07 00:00:00",38030.63
"2022-03-08 00:00:00",38748.52
"2022-03-09 00:00:00",41962.85
"2022-03-10 00:00:00",39443.42
"2022-03-11 00:00:00",38741.03
"2022-03-12 00:00:00",38805.53
"2022-03-13 00:00:00",37796.31
"2022-03-14 00:00:00",39696.28
"2022-03-15 00:00:00",39314.86
"2022-03-16 00:00:00",41133.64
"2022-03-17 00:00:00",40956.79
"2022-03-18 00:00:00",41790.97
"2022-03-19 00:00:00",42235.02
"2022-03-20 00:00:00",41243.16
"2022-03-21 00:00:00",41043.9
"2022-03-22 00:00:00",42380.11
"2022-03-23 00:00:00",42904.1
"2022-03-24 00:00:00",44006.77
"2022-03-25 00:00:00",44331.36
"2022-03-26 00:00:00",44542.31
"2022-03-27 00:00:00",46842.14
"2022-03-28 00:00:00",47128.71
"2022-03-29 00:00:00",47445.3
"2022-03-30 00:00:00",47056.41
"2022-03-31 00:00:00",45522.65
"2022-04-01 00:00:00",46299.75
"2022-04-02 00:00:00",45822.28
"2022-04-03 00:00:00",46414.26
"2022-04-04 00:00:00",46609.36
"2022-04-05 00:00:00",45501.58
"2022-04-06 00:00:00",43177.78
"2022-04-07 00:00:00",43466.21
"2022-04-08 00:00:00",42273.38
"2022-04-09 00:00:00",42768.61
"2022-04-10 00:00:00",42153.77
"2022-04-11 00:00:00",39536.71
"2022-04-12 00:00:00",40086.66
"2022-04-13 00:00:00",41150.33
"2022-04-14 00:00:00",39951.63
"2022-04-15 00:00:00",40563.69
"2022-04-16 00:00:00",40392.55
"2022-04-17 00:00:00",39688.16
"2022-04-18 00:00:00",40811.03
"2022-04-19 00:00:00",41504.44
"2022-04-20 00:00:00",41375.35
"2022-04-21 00:00:00",40490.97
"2022-04-22 00:00:00",39716.04
"2022-04-23 00:00:00",39445.97
"2022-04-24 00:00:00",39466.26
"2022-04-25 00:00:00",40437.52
"2022-04-26 00:00:00",38117.39
"2022-04-27 00:00:00",39252.04
"2022-04-28 00:00:00",39749.75
"2022-04-29 00:00:00",38594.22
"2022-04-30 00:00:00",37650.13
"2022-05-01 00:00:00",38480.53
"2022-05-02 00:00:00",38513.01
"2022-05-03 00:00:00",37725.38
"2022-05-04 00:00:00",39680.21
"2022-05-05 00:00:00",36546.86
"2022-05-06 00:00:00",36009.89
"2022-05-07 00:00:00",35469.21
"2022-05-08 00:00:00",34033.77
"2022-05-09 00:00:00",30076.9
"2022-05-10 00:00:00",31013.12
"2022-05-11 00:00:00",29017.21
"2022-05-12 00:00:00",28915.72
"2022-05-13 00:00:00",29244.83
"2022-05-14 00:00:00",30050.31
"2022-05-15 00:00:00",31296.11
"2022-05-16 00:00:00",29838.5
"2022-05-17 00:00:00",30415.91
"2022-05-18 00:00:00",28667.29
"2022-05-19 00:00:00",30282.48
"2022-05-20 00:00:00",29166.15
"2022-05-21 00:00:00",29410.72
"2022-05-22 00:00:00",30264.29
"2022-05-23 00:00:00",29075.68
"2022-05-24 00:00:00",29630.05
"2022-05-25 00:00:00",29508.27
"2022-05-26 00:00:00",29188.71
"2022-05-27 00:00:00",28597.33
"2022-05-28 00:00:00",29013.53
"2022-05-29 00:00:00",29452.23
"2022-05-30 00:00:00",31716.41
"2022-05-31 00:00:00",31782.16
"2022-06-01 00:00:00",29789.58
"2022-06-02 00:00:00",30439.63
"2022-06-03 00:00:00",29680.3
"2022-06-04 00:00:00",29845.48
"2022-06-05 00:00:00",29897.9
"2022-06-06 00:00:00",31353.78
"2022-06-07 00:00:00",31111.75
"2022-06-08 00:00:00",30189.27
"2022-06-09 00:00:00",30082.94
"2022-06-10 00:00:00",29067.38
"2022-06-11 00:00:00",28389.49
"2022-06-12 00:00:00",26587.35
"2022-06-13 00:00:00",22471.59
"2022-06-14 00:00:00",22118.37
"2022-06-15 00:00:00",22566.73
"2022-06-16 00:00:00",20372.85
"2022-06-17 00:00:00",20432.26
"2022-06-18 00:00:00",18954.25
"2022-06-19 00:00:00",20553.48
"2022-06-20 00:00:00",20550.91
"2022-06-21 00:00:00",20699.21
"2022-06-22 00:00:00",19956.16
"2022-06-23 00:00:00",21098.41
"2022-06-24 00:00:00",21219.46
"2022-06-25 00:00:00",21474.19
"2022-06-26 00:00:00",21031.85
"2022-06-27 00:00:00",20718.16
"2022-06-28 00:00:00",20251.96
"2022-06-29 00:00:00",20094.16
"2022-06-30 00:00:00",19908.49
"2022-07-01 00:00:00",19249.33
"2022-07-02 00:00:00",19225.66
"2022-07-03 00:00:00",19294.21
"2022-07-04 00:00:00",20212.81
"2022-07-05 00:00:00",20158.69
"2022-07-06 00:00:00",20545.04
"2022-07-07 00:00:00",21611.8
"2022-07-08 00:00:00",21592.65
"2022-07-09 00:00:00",21582.17
"2022-07-10 00:00:00",20846.53
"2022-07-11 00:00:00",19944.25
"2022-07-12 00:00:00",19309.71
"2022-07-13 00:00:00",20230.81
"2022-07-14 00:00:00",20577.38
"2022-07-15 00:00:00",20827.27
"2022-07-16 00:00:00",21199.01
"2022-07-17 00:00:00",20792.81
"2022-07-18 00:00:00",22447.39
"2022-07-19 00:00:00",23399.91
"2022-07-20 00:00:00",23222.77
"2022-07-21 00:00:00",23153.54
"2022-07-22 00:00:00",22686.32
"2022-07-23 00:00:00",22452.14
"2022-07-24 00:00:00",22585.4
"2022-07-25 00:00:00",21305.59
"2022-07-26 00:00:00",21258.08
"2022-07-27 00:00:00",22960.19
"2022-07-28 00:00:00",23855.65
"2022-07-29 00:00:00",23769.15
"2022-07-30 00:00:00",23646.03
"2022-07-31 00:00:00",23308.14
"2022-08-01 00:00:00",23271.57
"2022-08-02 00:00:00",22991.49
"2022-08-03 00:00:00",22825.25
"2022-08-04 00:00:00",22622.99
"2022-08-05 00:00:00",23319.22
"2022-08-06 00:00:00",22956.4
"2022-08-07 00:00:00",23179.86
"2022-08-08 00:00:00",23817.72
"2022-08-09 00:00:00",23156.66
"2022-08-10 00:00:00",23959.67
"2022-08-11 00:00:00",23943.36
"2022-08-12 00:00:00",24412.17
"2022-08-13 00:00:00",24449.86
"2022-08-14 00:00:00",24313.71
"2022-08-15 00:00:00",24101.69
"2022-08-16 00:00:00",23858.64
"2022-08-17 00:00:00",23338.03
"2022-08-18 00:00:00",23201.51
"2022-08-19 00:00:00",20833.43
"2022-08-20 00:00:00",21142.06
"2022-08-21 00:00:00",21514.79
"2022-08-22 00:00:00",21399.66
"2022-08-23 00:00:00",21520.62
"2022-08-24 00:00:00",21369.05
"2022-08-25 00:00:00",21565.47
"2022-08-26 00:00:00",20247.99
"2022-08-27 00:00:00",20038.42
"2022-08-28 00:00:00",19554.08
"2022-08-29 00:00:00",20292.37
"2022-08-30 00:00:00",19813.51
"2022-08-31 00:00:00",20050.28
"2022-09-01 00:00:00",20129.93
"2022-09-02 00:00:00",19957.44
"2022-09-03 00:00:00",19834.79
"2022-09-04 00:00:00",20003.46
"2022-09-05 00:00:00",19793.29
"2022-09-06 00:00:00",18791.95
"2022-09-07 00:00:00",19287.52
"2022-09-08 00:00:00",19321.77
"2022-09-09 00:00:00",21369.73
"2022-09-10 00:00:00",21655.13
"2022-09-11 00:00:00",21836.45
"2022-09-12 00:00:00",22400.52
"2022-09-13 00:00:00",20173.77
"2022-09-14 00:00:00",20233.68
"2022-09-15 00:00:00",19700.15
"2022-09-16 00:00:00",19804.02
"2022-09-17 00:00:00",20118.35
"2022-09-18 00:00:00",19417.72
"2022-09-19 00:00:00",19541.28
"2022-09-20 00:00:00",18879.95
"2022-09-21 00:00:00",18468.05
"2022-09-22 00:00:00",19405.96
"2022-09-23 00:00:00",19291.13
"2022-09-24 00:00:00",18924.39
"2022-09-25 00:00:00",18809.94
"2022-09-26 00:00:00",19230.96
"2022-09-27 00:00:00",19081.4
"2022-09-28 00:00:00",19412.67
"2022-09-29 00:00:00",19593.46
"2022-09-30 00:00:00",19425.63
"2022-10-01 00:00:00",19313.96
"2022-10-02 00:00:00",19058.15
"2022-10-03 00:00:00",19632.35
"2022-10-04 00:00:00",20344.58
"2022-10-05 00:00:00",20160.74
"2022-10-06 00:00:00",19965.12
"2022-10-07 00:00:00",19532.81
"2022-10-08 00:00:00",19419.32
"2022-10-09 00:00:00",19442.41
"2022-10-10 00:00:00",19131.36
"2022-10-11 00:00:00",19058.29
"2022-10-12 00:00:00",19154.85
"2022-10-13 00:00:00",19378.91
"2022-10-14 00:00:00",19182.01
"2022-10-15 00:00:00",19069.72
"2022-10-16 00:00:00",19264.26
"2022-10-17 00:00:00",19550.49
"2022-10-18 00:00:00",19330.29
"2022-10-19 00:00:00",19123.89
"2022-10-20 00:00:00",19043.54
"2022-10-21 00:00:00",19166.4
"2022-10-22 00:00:00",19207.57
"2022-10-23 00:00:00",19572.6
"2022-10-24 00:00:00",19331.06
"2022-10-25 00:00:00",20087.18
"2022-10-26 00:00:00",20776.76
"2022-10-27 00:00:00",20295.28
"2022-10-28 00:00:00",20599.89
"2022-10-29 00:00:00",20820.19
"2022-10-30 00:00:00",20630.65
"2022-10-31 00:00:00",20492.56
"2022-11-01 00:00:00",20480.27
"2022-11-02 00:00:00",20150.33
"2022-11-03 00:00:00",20207.99
"2022-11-04 00:00:00",21150.6
"2022-11-05 00:00:00",21301.57
"2022-11-06 00:00:00",20910.59
"2022-11-07 00:00:00",20593.73
"2022-11-08 00:00:00",18544.7
"2022-11-09 00:00:00",15820.02
"2022-11-10 00:00:00",17559.67
"2022-11-11 00:00:00",17007.72
"2022-11-12 00:00:00",16773.9
"2022-11-13 00:00:00",16307.47
"2022-11-14 00:00:00",16592.04
"2022-11-15 00:00:00",16879.14
"2022-11-16 00:00:00",16648.05
"2022-11-17 00:00:00",16680.21
"2022-11-18 00:00:00",16677.95
"2022-11-19 00:00:00",16683.72
"2022-11-20 00:00:00",16253.6
"2022-11-21 00:00:00",15760.19
"2022-11-22 00:00:00",16198.25
"2022-11-23 00:00:00",16590.98
"2022-11-24 00:00:00",16588.46
"2022-11-25 00:00:00",16508.33
"2022-11-26 00:00:00",16451.53
"2022-11-27 00:00:00",16420.87
"2022-11-28 00:00:00",16207.01
"2022-11-29 00:00:00",16431.79
"2022-11-30 00:00:00",17162.35
"2022-12-01 00:00:00",16978.64
"2022-12-02 00:00:00",17094.49
"2022-12-03 00:00:00",16888.31
"2022-12-04 00:00:00",17111.76
"2022-12-05 00:00:00",16966.84
"2022-12-06 00:00:00",17086.52
"2022-12-07 00:00:00",16837.85
"2022-12-08 00:00:00",17226.02
"2022-12-09 00:00:00",17126.85
"2022-12-10 00:00:00",17129.19
"2022-12-11 00:00:00",17094.83
"2022-12-12 00:00:00",17208.66
"2022-12-13 00:00:00",17775.32
"2022-12-14 00:00:00",17801.37
"2022-12-15 00:00:00",17359.21
"2022-12-16 00:00:00",16658.44
"2022-12-17 00:00:00",16780.55
"2022-12-18 00:00:00",16742.74
"2022-12-19 00:00:00",16442.79
"2022-12-20 00:00:00",16901.12
"2022-12-21 00:00:00",16821.13
"2022-12-22 00:00:00",16816.01
"2022-12-23 00:00:00",16780.97
"2022-12-24 00:00:00",16837.16
"2022-12-25 00:00:00",16829.1
"2022-12-26 00:00:00",16916.07
"2022-12-27 00:00:00",16700.54
"2022-12-28 00:00:00",16540.47
"2022-12-29 00:00:00",16631.24
"2022-12-30 00:00:00",16599.47
"2022-12-31 00:00:00",16531.31
"2023-01-01 00:00:00",16613.87
"2023-01-02 00:00:00",16670.08
"2023-01-03 00:00:00",16670.16
"2023-01-04 00:00:00",16846.82
"2023-01-05 00:00:00",16825.87
"2023-01-06 00:00:00",16946.16
"2023-01-07 00:00:00",16942.73
"2023-01-08 00:00:00",17115.81
"2023-01-09 00:00:00",17179.03
"2023-01-10 00:00:00",17442.44
"2023-01-11 00:00:00",17938.0
"2023-01-12 00:00:00",18849.0
"2023-01-13 00:00:00",19932.05
"2023-01-14 00:00:00",20954.52
"2023-01-15 00:00:00",20878.94
"2023-01-16 00:00:00",21188.92
"2023-01-17 00:00:00",21136.12
"2023-01-18 00:00:00",20678.47
"2023-01-19 00:00:00",21082.28
"2023-01-20 00:00:00",22676.2
"2023-01-21 00:00:00",22789.92
"2023-01-22 00:00:00",22714.99
"2023-01-23 00:00:00",22917.47
"2023-01-24 00:00:00",22637.8
"2023-01-25 00:00:00",23066.28
"2023-01-26 00:00:00",23009.15
"2023-01-27 00:00:00",23077.75
"2023-01-28 00:00:00",23031.02
"2023-01-29 00:00:00",23747.26
"2023-01-30 00:00:00",22833.34
"2023-01-31 00:00:00",23129.7
"2023-02-01 00:00:00",23730.52
"2023-02-02 00:00:00",23470.8
"2023-02-03 00:00:00",23437.21
"2023-02-04 00:00:00",23332.1
"2023-02-05 00:00:00",22940.79
"2023-02-06 00:00:00",22761.44
"2023-02-07 00:00:00",23252.78
"2023-02-08 00:00:00",22961.13
"2023-02-09 00:00:00",21807.55
"2023-02-10 00:00:00",21634.86
"2023-02-11 00:00:00",21862.19
"2023-02-12 00:00:00",21790.14
"2023-02-13 00:00:00",21787.77
"2023-02-14 00:00:00",22208.56
"2023-02-15 00:00:00",24332.21
"2023-02-16 00:00:00",23533.22
"2023-02-17 00:00:00",24578.28
"2023-02-18 00:00:00",24638.27
"2023-02-19 00:00:00",24287.53
"2023-02-20 00:00:00",24838.09
"2023-02-21 00:00:00",24450.5
"2023-02-22 00:00:00",24186.92
"2023-02-23 00:00:00",23941.1
"2023-02-24 00:00:00",23189.78
"2023-02-25 00:00:00",23167.45
"2023-02-26 00:00:00",23557.39
"2023-02-27 00:00:00",23490.07
"2023-02-28 00:00:00",23134.2
"2023-03-01 00:00:00",23641.2
"2023-03-02 00:00:00",23467.22
"2023-03-03 00:00:00",22361.45
"2023-03-04 00:00:00",22351.08
"2023-03-05 00:00:00",22433.65
"2023-03-06 00:00:00",22410.34
"2023-03-07 00:00:00",22200.87
"2023-03-08 00:00:00",21707.57
"2023-03-09 00:00:00",20369.38
"2023-03-10 00:00:00",20207.71
"2023-03-11 00:00:00",20610.5
"2023-03-12 00:00:00",22180.75
"2023-03-13 00:00:00",24205.82
"2023-03-14 00:00:00",24758.71
"2023-03-15 00:00:00",24369.16
"2023-03-16 00:00:00",25051.31
"2023-03-17 00:00:00",27440.55
"2023-03-18 00:00:00",26973.38
"2023-03-19 00:00:00",28037.32
"2023-03-20 00:00:00",27807.29
"2023-03-21 00:00:00",28185.99
"2023-03-22 00:00:00",27317.37
"2023-03-23 00:00:00",28345.69
"2023-03-24 00:00:00",27491.73
"2023-03-25 00:00:00",27493.43
"2023-03-26 00:00:00",27996.81
"2023-03-27 00:00:00",27145.09
"2023-03-28 00:00:00",27274.9
"2023-03-29 00:00:00",28355.87
"2023-03-30 00:00:00",28037.46
"2023-03-31 00:00:00",28477.29
"2023-04-01 00:00:00",28465.3
"2023-04-02 00:00:00",28186.76
"2023-04-03 00:00:00",27810.08
"2023-04-04 00:00:00",28178.13
"2023-04-05 00:00:00",28181.03
"2023-04-06 00:00:00",28045.06
"2023-04-07 00:00:00",27910.62
"2023-04-08 00:00:00",27953.79
"2023-04-09 00:00:00",28341.05
"2023-04-10 00:00:00",29654.81
"2023-04-11 00:00:00",30226.1
"2023-04-12 00:00:00",29905.2
"2023-04-13 00:00:00",30404.37
"2023-04-14 00:00:00",30493.01
"2023-04-15 00:00:00",30321.23
"2023-04-16 00:00:00",30322.77
"2023-04-17 00:00:00",29446.77
"2023-04-18 00:00:00",30396.77
"2023-04-19 00:00:00",28828.2
"2023-04-20 00:00:00",28245.06
"2023-04-21 00:00:00",27260.85
"2023-04-22 00:00:00",27818.87
"2023-04-23 00:00:00",27596.71
"2023-04-24 00:00:00",27520.33
"2023-04-25 00:00:00",28308.39
"2023-04-26 00:00:00",28433.41
"2023-04-27 00:00:00",29485.09
"2023-04-28 00:00:00",29339.91
"2023-04-29 00:00:00",29250.94
"2023-04-30 00:00:00",29234.41
"2023-05-01 00:00:00",28086.19
"2023-05-02 00:00:00",28694.85
"2023-05-03 00:00:00",29041.0
"2023-05-04 00:00:00",28866.54
"2023-05-05 00:00:00",29550.84
"2023-05-06 00:00:00",28943.94
"2023-05-07 00:00:00",28574.43
"2023-05-08 00:00:00",27781.0
"2023-05-09 00:00:00",27679.75
"2023-05-10 00:00:00",27628.13
"2023-05-11 00:00:00",26992.24
"2023-05-12 00:00:00",26807.89
"2023-05-13 00:00:00",26789.55
"2023-05-14 00:00:00",26932.09
"2023-05-15 00:00:00",27175.06
"2023-05-16 00:00:00",27036.63
"2023-05-17 00:00:00",27404.35
"2023-05-18 00:00:00",26821.85
"2023-05-19 00:00:00",26887.96
"2023-05-20 00:00:00",27117.18
"2023-05-21 00:00:00",26755.7
"2023-05-22 00:00:00",26855.83
"2023-05-23 00:00:00",27224.64
"2023-05-24 00:00:00",26326.59
"2023-05-25 00:00:00",26480.31
"2023-05-26 00:00:00",26721.25
"2023-05-27 00:00:00",26872.08
"2023-05-28 00:00:00",28077.15
"2023-05-29 00:00:00",27746.07
"2023-05-30 00:00:00",27702.14
"2023-05-31 00:00:00",27220.7
"2023-06-01 00:00:00",26826.95
"2023-06-02 00:00:00",27251.31
"2023-06-03 00:00:00",27078.29
"2023-06-04 00:00:00",27126.86
"2023-06-05 00:00:00",25740.49
"2023-06-06 00:00:00",27264.0
"2023-06-07 00:00:00",26349.52
"2023-06-08 00:00:00",26507.99
"2023-06-09 00:00:00",26483.95
"2023-06-10 00:00:00",25856.35
"2023-06-11 00:00:00",25936.78
"2023-06-12 00:00:00",25905.8
"2023-06-13 00:00:00",25925.2
"2023-06-14 00:00:00",25126.91
"2023-06-15 00:00:00",25575.24
"2023-06-16 00:00:00",26329.75
"2023-06-17 00:00:00",26510.42
"2023-06-18 00:00:00",26338.27
"2023-06-19 00:00:00",26837.26
"2023-06-20 00:00:00",28318.58
"2023-06-21 00:00:00",30000.86
"2023-06-22 00:00:00",29893.34
"2023-06-23 00:00:00",30700.29
"2023-06-24 00:00:00",30548.03
"2023-06-25 00:00:00",30473.33
"2023-06-26 00:00:00",30274.61
"2023-06-27 00:00:00",30698.21
"2023-06-28 00:00:00",30080.24
"2023-06-29 00:00:00",30446.53
"2023-06-30 00:00:00",30471.0
"2023-07-01 00:00:00",30590.71
"2023-07-02 00:00:00",30618.42
"2023-07-03 00:00:00",31158.79
"2023-07-04 00:00:00",30775.24
"2023-07-05 00:00:00",30503.07
"2023-07-06 00:00:00",29907.98
"2023-07-07 00:00:00",30349.69
"2023-07-08 00:00:00",30294.36
"2023-07-09 00:00:00",30171.49
"2023-07-10 00:00:00",30421.04
"2023-07-11 00:00:00",30626.62
"2023-07-12 00:00:00",30385.22
"2023-07-13 00:00:00",31475.78
"2023-07-14 00:00:00",30331.09
"2023-07-15 00:00:00",30298.45
"2023-07-16 00:00:00",30248.17
"2023-07-17 00:00:00",30147.68
"2023-07-18 00:00:00",29863.79
"2023-07-19 00:00:00",29918.6
"2023-07-20 00:00:00",29809.61
"2023-07-21 00:00:00",29911.46
"2023-07-22 00:00:00",29791.61
"2023-07-23 00:00:00",30085.68
"2023-07-24 00:00:00",29181.04
"2023-07-25 00:00:00",29226.63
"2023-07-26 00:00:00",29352.06
"2023-07-27 00:00:00",29217.05
"2023-07-28 00:00:00",29316.82
"2023-07-29 00:00:00",29358.76
"2023-07-30 00:00:00",29283.34
"2023-07-31 00:00:00",29231.47
"2023-08-01 00:00:00",29699.74
"2023-08-02 00:00:00",29163.69
"2023-08-03 00:00:00",29177.75
"2023-08-04 00:00:00",29078.51
"2023-08-05 00:00:00",29050.34
"2023-08-06 00:00:00",29046.16
"2023-08-07 00:00:00",29182.16
"2023-08-08 00:00:00",29770.51
"2023-08-09 00:00:00",29566.47
"2023-08-10 00:00:00",29428.1
"2023-08-11 00:00:00",29403.56
"2023-08-12 00:00:00",29417.08
"2023-08-13 00:00:00",29281.55
"2023-08-14 00:00:00",29409.22
"2023-08-15 00:00:00",29171.23
"2023-08-16 00:00:00",28702.8
"2023-08-17 00:00:00",26629.67
"2023-08-18 00:00:00",26049.69
"2023-08-19 00:00:00",26095.8
"2023-08-20 00:00:00",26191.01
"2023-08-21 00:00:00",26126.18
"2023-08-22 00:00:00",26043.01
"2023-08-23 00:00:00",26429.4
"2023-08-24 00:00:00",26166.22
"2023-08-25 00:00:00",26051.29
"2023-08-26 00:00:00",26010.35
"2023-08-27 00:00:00",26091.32
"2023-08-28 00:00:00",26106.0
"2023-08-29 00:00:00",27724.41
"2023-08-30 00:00:00",27305.41
"2023-08-31 00:00:00",25937.29
"2023-09-01 00:00:00",25798.79
"2023-09-02 00:00:00",25868.56
"2023-09-03 00:00:00",25971.37
"2023-09-04 00:00:00",25816.24
"2023-09-05 00:00:00",25785.01
"2023-09-06 00:00:00",25751.71
"2023-09-07 00:00:00",26264.75
"2023-09-08 00:00:00",25907.13
"2023-09-09 00:00:00",25898.41
"2023-09-10 00:00:00",25833.67
"2023-09-11 00:00:00",25157.07
"2023-09-12 00:00:00",25840.34
"2023-09-13 00:00:00",26227.49
"2023-09-14 00:00:00",26533.66
"2023-09-15 00:00:00",26605.49
"2023-09-16 00:00:00",26569.13
"2023-09-17 00:00:00",26533.12
"2023-09-18 00:00:00",26767.82
"2023-09-19 00:00:00",27219.02
"2023-09-20 00:00:00",27126.4
"2023-09-21 00:00:00",26567.47
"2023-09-22 00:00:00",26583.16
"2023-09-23 00:00:00",26585.41
"2023-09-24 00:00:00",26261.44
"2023-09-25 00:00:00",26297.93
"2023-09-26 00:00:00",26212.59
"2023-09-27 00:00:00",26360.2
"2023-09-28 00:00:00",27027.2
"2023-09-29 00:00:00",26909.4
"2023-09-30 00:00:00",26964.27
"2023-10-01 00:00:00",27994.51
"2023-10-02 00:00:00",27507.22
"2023-10-03 00:00:00",27428.66
"2023-10-04 00:00:00",27789.8
"2023-10-05 00:00:00",27414.59
"2023-10-06 00:00:00",27946.61
"2023-10-07 00:00:00",27973.69
"2023-10-08 00:00:00",27933.57
"2023-10-09 00:00:00",27598.77
"2023-10-10 00:00:00",27395.4
"2023-10-11 00:00:00",26871.21
"2023-10-12 00:00:00",26756.23
"2023-10-13 00:00:00",26862.9
"2023-10-14 00:00:00",26854.52
"2023-10-15 00:00:00",27177.41
"2023-10-16 00:00:00",28518.37
"2023-10-17 00:00:00",28409.46
"2023-10-18 00:00:00",28328.07
"2023-10-19 00:00:00",28733.78
"2023-10-20 00:00:00",29684.37
"2023-10-21 00:00:00",29924.08
"2023-10-22 00:00:00",30001.44
"2023-10-23 00:00:00",33084.08
"2023-10-24 00:00:00",33923.52
"2023-10-25 00:00:00",34503.4
"2023-10-26 00:00:00",34157.06
"2023-10-27 00:00:00",33907.7
"2023-10-28 00:00:00",34090.05
"2023-10-29 00:00:00",34535.38
"2023-10-30 00:00:00",34494.56
"2023-10-31 00:00:00",34657.73
"2023-11-01 00:00:00",35439.76
"2023-11-02 00:00:00",34947.15
"2023-11-03 00:00:00",34732.28
"2023-11-04 00:00:00",35086.09
"2023-11-05 00:00:00",35039.47
"2023-11-06 00:00:00",35054.59
"2023-11-07 00:00:00",35421.85
"2023-11-08 00:00:00",35638.33
"2023-11-09 00:00:00",36704.14
"2023-11-10 00:00:00",37321.51
"2023-11-11 00:00:00",37142.22
"2023-11-12 00:00:00",37079.76
"2023-11-13 00:00:00",36482.51
"2023-11-14 00:00:00",35551.21
"2023-11-15 00:00:00",37884.19
"2023-11-16 00:00:00",36162.42
"2023-11-17 00:00:00",36626.32
"2023-11-18 00:00:00",36591.19
"2023-11-19 00:00:00",37388.64
"2023-11-20 00:00:00",37476.66
"2023-11-21 00:00:00",35758.72
"2023-11-22 00:00:00",37424.2
"2023-11-23 00:00:00",37299.18
"2023-11-24 00:00:00",37737.05
"2023-11-25 00:00:00",37801.92
"2023-11-26 00:00:00",37460.21
"2023-11-27 00:00:00",37246.29
"2023-11-28 00:00:00",37836.63
"2023-11-29 00:00:00",37861.9
"2023-11-30 00:00:00",37729.58
"2023-12-01 00:00:00",38699.84
"2023-12-02 00:00:00",39469.35
"2023-12-03 00:00:00",39980.93
"2023-12-04 00:00:00",41984.41
"2023-12-05 00:00:00",44089.06
"2023-12-06 00:00:00",43771.01
"2023-12-07 00:00:00",43285.02
"2023-12-08 00:00:00",44186.18
"2023-12-09 00:00:00",43723.0
"2023-12-10 00:00:00",43791.67
"2023-12-11 00:00:00",41235.58
"2023-12-12 00:00:00",41472.94
"2023-12-13 00:00:00",42887.55
"2023-12-14 00:00:00",43030.6
"2023-12-15 00:00:00",41939.16
"2023-12-16 00:00:00",42243.26
"2023-12-17 00:00:00",41349.42
"2023-12-18 00:00:00",42672.768
"2023-12-19 00:00:00",42296.505
"2023-12-20 00:00:00",43658.855
"2023-12-21 00:00:00",43877.438
"2023-12-22 00:00:00",44045.436
"2023-12-23 00:00:00",43815.839
"2023-12-24 00:00:00",43131.259
"2023-12-25 00:00:00",43747.568
"2023-12-26 00:00:00",42546.117
"2023-12-27 00:00:00",43571.958
"2023-12-28 00:00:00",42743.678
"2023-12-29 00:00:00",42065.771
"2023-12-30 00:00:00",42165.218
"2023-12-31 00:00:00",42278.324
"2024-01-01 00:00:00",44161.947
"2024-01-02 00:00:00",45082.794
"2024-01-03 00:00:00",42917.338
"2024-01-04 00:00:00",44323.808
"2024-01-05 00:00:00",44341.837
"2024-01-06 00:00:00",44360.233
"2024-01-07 00:00:00",44372.614
"2024-01-08 00:00:00",46958.331
"2024-01-09 00:00:00",46152.679
"2024-01-10 00:00:00",46646.713
"2024-01-11 00:00:00",46380.118
"2024-01-12 00:00:00",42850.174
"2024-01-13 00:00:00",42857.268
"2024-01-14 00:00:00",41822.582
"2024-01-15 00:00:00",42509.813
"2024-01-16 00:00:00",43118.462
"2024-01-17 00:00:00",42774.527
"2024-01-18 00:00:00",41323.186
"2024-01-19 00:00:00",41529.625
"2024-01-20 00:00:00",41660.396
"2024-01-21 00:00:00",41626.004
"2024-01-22 00:00:00",39555.049
"2024-01-23 00:00:00",39894.499
"2024-01-24 00:00:00",40129.265
"2024-01-25 00:00:00",39953.233
"2024-01-26 00:00:00",41843.746
"2024-01-27 00:00:00",42124.863
"2024-01-28 00:00:00",42037.668
"2024-01-29 00:00:00",43285.511
"2024-01-30 00:00:00",42942.995
"2024-01-31 00:00:00",42598.108
"2024-02-01 00:00:00",43086.85
"2024-02-02 00:00:00",43197.213
"2024-02-03 00:00:00",43004.152
"2024-02-04 00:00:00",42589.191
"2024-02-05 00:00:00",42706.272
"2024-02-06 00:00:00",43095.622
"2024-02-07 00:00:00",44315.245
"2024-02-08 00:00:00",45261.447
"2024-02-09 00:00:00",47131.761
"2024-02-10 00:00:00",47791.058
"2024-02-11 00:00:00",48207.548
"2024-02-12 00:00:00",49909.889
"2024-02-13 00:00:00",49718.27
"2024-02-14 00:00:00",51773.309
"2024-02-15 00:00:00",51902.455
"2024-02-16 00:00:00",52130.137
"2024-02-17 00:00:00",51652.862
"2024-02-18 00:00:00",52122.063
"2024-02-19 00:00:00",51812.286
"2024-02-20 00:00:00",52305.156
"2024-02-21 00:00:00",51793.901
"2024-02-22 00:00:00",51298.57
"2024-02-23 00:00:00",50719.805
"2024-02-24 00:00:00",51542.66
"2024-02-25 00:00:00",51724.099
"2024-02-26 00:00:00",54498.565
"2024-02-27 00:00:00",57075.079
"2024-02-28 00:00:00",62488.524
"2024-02-29 00:00:00",61259.934
"2024-03-01 00:00:00",62438.743
"2024-03-02 00:00:00",62049.346
"2024-03-03 00:00:00",63150.452
"2024-03-04 00:00:00",68337.878
"2024-03-05 00:00:00",63858.192
"2024-03-06 00:00:00",66041.42
"2024-03-07 00:00:00",66794.334
"2024-03-08 00:00:00",68160.007
"2024-03-09 00:00:00",68313.08
"2024-03-10 00:00:00",68963.147
"2024-03-11 00:00:00",72149.546
"2024-03-12 00:00:00",71486.904
"2024-03-13 00:00:00",72995.371
"2024-03-14 00:00:00",71401.692
"2024-03-15 00:00:00",69383.36
"2024-03-16 00:00:00",65376.328
"2024-03-17 00:00:00",68494.065
"2024-03-18 00:00:00",67656.269
"2024-03-19 00:00:00",62033.965
"2024-03-20 00:00:00",67894.237
"2024-03-21 00:00:00",65516.461
"2024-03-22 00:00:00",63761.47
"2024-03-23 00:00:00",64084.862
"2024-03-24 00:00:00",67239.762
"2024-03-25 00:00:00",69932.089
"2024-03-26 00:00:00",70011.606
"2024-03-27 00:00:00",69504.452
"2024-03-28 00:00:00",70768.728
"2024-03-29 00:00:00",69770.451
"2024-03-30 00:00:00",69452.369
"2024-03-31 00:00:00",71247.442
"2024-04-01 00:00:00",69743.828
"2024-04-02 00:00:00",65462.186
"2024-04-03 00:00:00",65985.647
"2024-04-04 00:00:00",68366.897
"2024-04-05 00:00:00",67772.54
"2024-04-06 00:00:00",68841.908
"2024-04-07 00:00:00",69373.797
"2024-04-08 00:00:00",71669.774
"2024-04-09 00:00:00",69165.024
"2024-04-10 00:00:00",70571.291
"2024-04-11 00:00:00",70012.652
"2024-04-12 00:00:00",67097.759
"2024-04-13 00:00:00",63813.474
"2024-04-14 00:00:00",65675.772
"2024-04-15 00:00:00",63427.349
"2024-04-16 00:00:00",63807.091
"2024-04-17 00:00:00",61287.494
"2024-04-18 00:00:00",63482.463
"2024-04-19 00:00:00",63813.371
"2024-04-20 00:00:00",64965.741
"2024-04-21 00:00:00",64936.014
"2024-04-22 00:00:00",66803.26
"2024-04-23 00:00:00",66347.528
"2024-04-24 00:00:00",64277.282
"2024-04-25 00:00:00",64542.757
"2024-04-26 00:00:00",63808.119
"2024-04-27 00:00:00",63535.458
"2024-04-28 00:00:00",63216.834
"2024-04-29 00:00:00",63873.05
"2024-04-30 00:00:00",60731.947
"2024-05-01 00:00:00",58397.71
"2024-05-02 00:00:00",59228.497
"2024-05-03 00:00:00",62957.078
"2024-05-04 00:00:00",63965.442
"2024-05-05 00:00:00",64171.248
"2024-05-06 00:00:00",63270.821
"2024-05-07 00:00:00",62332.571
"2024-05-08 00:00:00",61202.974
"2024-05-09 00:00:00",63064.864
"2024-05-10 00:00:00",60797.968
"2024-05-11 00:00:00",60806.434
"2024-05-12 00:00:00",61463.801
"2024-05-13 00:00:00",62919.299
"2024-05-14 00:00:00",61565.112
"2024-05-15 00:00:00",66247.486
"2024-05-16 00:00:00",65237.448
"2024-05-17 00:00:00",66770.774
"2024-05-18 00:00:00",66938.806
"2024-05-19 00:00:00",66300.477
"2024-05-20 00:00:00",71428.204
"2024-05-21 00:00:00",70146.375
"2024-05-22 00:00:00",69185.143
"2024-05-23 00:00:00",67958.471
"2024-05-24 00:00:00",68548.866
"2024-05-25 00:00:00",69290.585
"2024-05-26 00:00:00",68546.465
"2024-05-27 00:00:00",69450.03
"2024-05-28 00:00:00",68361.646
"2024-05-29 00:00:00",67656.955
"2024-05-30 00:00:00",68381.271
"2024-05-31 00:00:00",67553.078
"2024-06-01 00:00:00",67773.236
"2024-06-02 00:00:00",67804.368
"2024-06-03 00:00:00",68819.301
"2024-06-04 00:00:00",70551.83
"2024-06-05 00:00:00",71080.329
"2024-06-06 00:00:00",70761.171
"2024-06-07 00:00:00",69352.341
"2024-06-08 00:00:00",69298.869
"2024-06-09 00:00:00",69650.069
"2024-06-10 00:00:00",69557.699
"2024-06-11 00:00:00",67346.944
"2024-06-12 00:00:00",68268.871
"2024-06-13 00:00:00",66795.209
"2024-06-14 00:00:00",66053.587
"2024-06-15 00:00:00",66235.582
"2024-06-16 00:00:00",66688.39
"2024-06-17 00:00:00",66503.205
"2024-06-18 00:00:00",65149.9
"2024-06-19 00:00:00",64977.562
"2024-06-20 00:00:00",64853.61
"2024-06-21 00:00:00",64106.836
"2024-06-22 00:00:00",64264.682
"2024-06-23 00:00:00",63215.826
"2024-06-24 00:00:00",60304.493
"2024-06-25 00:00:00",61808.032
"2024-06-26 00:00:00",60837.44
"2024-06-27 00:00:00",61668.215
"2024-06-28 00:00:00",60403.458
"2024-06-29 00:00:00",60962.048
"2024-06-30 00:00:00",62766.451
"2024-07-01 00:00:00",62896.104
"2024-07-02 00:00:00",62092.909
"2024-07-03 00:00:00",60216.276
"2024-07-04 00:00:00",57230.092
"2024-07-05 00:00:00",56660.961
"2024-07-06 00:00:00",58264.264
"2024-07-07 00:00:00",55871.877
"2024-07-08 00:00:00",56717.784
"2024-07-09 00:00:00",58018.211
"2024-07-10 00:00:00",57755.223
"2024-07-11 00:00:00",57357.339
"2024-07-12 00:00:00",57894.322
"2024-07-13 00:00:00",59209.269
"2024-07-14 00:00:00",60800.842
"2024-07-15 00:00:00",64783.835
"2024-07-16 00:00:00",65081.007
"2024-07-17 00:00:00",64099.708
"2024-07-18 00:00:00",63984.881
"2024-07-19 00:00:00",66672.833
"2024-07-20 00:00:00",67158.216
"2024-07-21 00:00:00",68138.949
"2024-07-22 00:00:00",67561.383
"2024-07-23 00:00:00",65940.181
"2024-07-24 00:00:00",65397.82
"2024-07-25 00:00:00",65801.182
"2024-07-26 00:00:00",67916.755
"2024-07-27 00:00:00",67890.822
"2024-07-28 00:00:00",68255.919
"2024-07-29 00:00:00",66823.369
"2024-07-30 00:00:00",66209.804
"2024-07-31 00:00:00",64658.049
"2024-08-01 00:00:00",65383.39
"2024-08-02 00:00:00",61460.115
"2024-08-03 00:00:00",60633.203
"2024-08-04 00:00:00",58036.543
"2024-08-05 00:00:00",53773.955
"2024-08-06 00:00:00",55832.961
"2024-08-07 00:00:00",55048.023
"2024-08-08 00:00:00",61735.55
"2024-08-09 00:00:00",60705.411
"2024-08-10 00:00:00",60854.037
"2024-08-11 00:00:00",58683.51
"2024-08-12 00:00:00",59129.243
"2024-08-13 00:00:00",60335.75
"2024-08-14 00:00:00",58687.483
"2024-08-15 00:00:00",57436.408
"2024-08-16 00:00:00",58694.173
"2024-08-17 00:00:00",59375.663
"2024-08-18 00:00:00",58430.848
"2024-08-19 00:00:00",59266.109
"2024-08-20 00:00:00",58956.892
"2024-08-21 00:00:00",60801.267
"2024-08-22 00:00:00",60261.448
"2024-08-23 00:00:00",63645.638
"2024-08-24 00:00:00",64065.539
"2024-08-25 00:00:00",64210.217
"2024-08-26 00:00:00",62861.582
"2024-08-27 00:00:00",59477.607
"2024-08-28 00:00:00",58824.794
"2024-08-29 00:00:00",59266.229
"2024-08-30 00:00:00",58895.263
"2024-08-31 00:00:00",58949.248
"2024-09-01 00:00:00",57310.695
"2024-09-02 00:00:00",59128.132
"2024-09-03 00:00:00",57522.374
"2024-09-04 00:00:00",57993.893
"2024-09-05 00:00:00",56099.928
"2024-09-06 00:00:00",53689.446
"2024-09-07 00:00:00",54109.513
"2024-09-08 00:00:00",54627.586
"2024-09-09 00:00:00",57083.133
"2024-09-10 00:00:00",57371.815
"2024-09-11 00:00:00",56905.02
"2024-09-12 00:00:00",58130.43
"2024-09-13 00:00:00",60559.119
"2024-09-14 00:00:00",59994.295
"2024-09-15 00:00:00",59169.35
"2024-09-16 00:00:00",58233.901
"2024-09-17 00:00:00",60305.257
"2024-09-18 00:00:00",61625.544
"2024-09-19 00:00:00",62946.971
"2024-09-20 00:00:00",63192.864
"2024-09-21 00:00:00",63389.497
"2024-09-22 00:00:00",63564.169
"2024-09-23 00:00:00",63333.035
"2024-09-24 00:00:00",64319.793
"2024-09-25 00:00:00",63154.042
"2024-09-26 00:00:00",65158.187
"2024-09-27 00:00:00",65810.071
"2024-09-28 00:00:00",65908.84
"2024-09-29 00:00:00",65639.44
"2024-09-30 00:00:00",63337.542
"2024-10-01 00:00:00",60869.473
"2024-10-02 00:00:00",60673.706
"2024-10-03 00:00:00",60779.113
"2024-10-04 00:00:00",62096.435
"2024-10-05 00:00:00",62078.74
"2024-10-06 00:00:00",62828.679
"2024-10-07 00:00:00",62273.691
"2024-10-08 00:00:00",62160.892
"2024-10-09 00:00:00",60638.039
"2024-10-10 00:00:00",60322.683
"2024-10-11 00:00:00",62481.828
"2024-10-12 00:00:00",63217.36
"2024-10-13 00:00:00",62885.815
"2024-10-14 00:00:00",66077.806
"2024-10-15 00:00:00",67036.149
"2024-10-16 00:00:00",67629.649
"2024-10-17 00:00:00",67381.527
"2024-10-18 00:00:00",68438.336
"2024-10-19 00:00:00",68378.479
"2024-10-20 00:00:00",69017.62
"2024-10-21 00:00:00",67392.322
"2024-10-22 00:00:00",67405.92
"2024-10-23 00:00:00",66697.615
"2024-10-24 00:00:00",68192.584
"2024-10-25 00:00:00",66691.371
"2024-10-26 00:00:00",67093.55
"2024-10-27 00:00:00",68008.698
"2024-10-28 00:00:00",69947.767
"2024-10-29 00:00:00",72757.377
"2024-10-30 00:00:00",72372.293
"2024-10-31 00:00:00",70325.677
"2024-11-01 00:00:00",69538.677
"2024-11-02 00:00:00",69357.904
"2024-11-03 00:00:00",68793.71
"2024-11-04 00:00:00",67841.176
"2024-11-05 00:00:00",69397.952
"2024-11-06 00:00:00",75578.74
"2024-11-07 00:00:00",75898.6
"2024-11-08 00:00:00",76528.931
"2024-11-09 00:00:00",76710.379
"2024-11-10 00:00:00",80415.174
"2024-11-11 00:00:00",88628.591
"2024-11-12 00:00:00",87996.829
"2024-11-13 00:00:00",90449.736
"2024-11-14 00:00:00",87239.014
"2024-11-15 00:00:00",91037.341
"2024-11-16 00:00:00",90540.414
"2024-11-17 00:00:00",89847.695
"2024-11-18 00:00:00",90542.941
"2024-11-19 00:00:00",92269.163
"2024-11-20 00:00:00",94284.16
"2024-11-21 00:00:00",98439.599
"2024-11-22 00:00:00",98937.612
"2024-11-23 00:00:00",97736.401
"2024-11-24 00:00:00",97945.831
"2024-11-25 00:00:00",93094.412
"2024-11-26 00:00:00",92017.353
"2024-11-27 00:00:00",95916.214
"2024-11-28 00:00:00",95661.881
"2024-11-29 00:00:00",97454.749
"2024-11-30 00:00:00",96449.11
"2024-12-01 00:00:00",97263.009
"2024-12-02 00:00:00",95839.89
"2024-12-03 00:00:00",95924.726
"2024-12-04 00:00:00",98716.444
"2024-12-05 00:00:00",96985.598
"2024-12-06 00:00:00",99830.409
"2024-12-07 00:00:00",99866.699
"2024-12-08 00:00:00",101187.357
"2024-12-09 00:00:00",97428.262
"2024-12-10 00:00:00",96632.549
"2024-12-11 00:00:00",101158.583
"2024-12-12 00:00:00",100031.694
"2024-12-13 00:00:00",101366.97
"2024-12-14 00:00:00",101393.857
"2024-12-15 00:00:00",104454.857
"2024-12-16 00:00:00",106033.19
"2024-12-17 00:00:00",106142.507
"2024-12-18 00:00:00",100250.028
"2024-12-19 00:00:00",97665.588
"2024-12-20 00:00:00",97794.575
"2024-12-21 00:00:00",97262.992
"2024-12-22 00:00:00",95184.577
"2024-12-23 00:00:00",94786.932
"2024-12-24 00:00:00",98673.645
"2024-12-25 00:00:00",99435.584
"2024-12-26 00:00:00",95772.372
"2024-12-27 00:00:00",94266.003
"2024-12-28 00:00:00",95271.294
"2024-12-29 00:00:00",93709.502
"2024-12-30 00:00:00",92757.256
"2024-12-31 00:00:00",93586.326
"2025-01-01 00:00:00",94601.941
"2025-01-02 00:00:00",96979.185
"2025-01-03 00:00:00",98179.873
"2025-01-04 00:00:00",98263.65
"2025-01-05 00:00:00",98382.395
"2025-01-06 00:00:00",102243.199
"2025-01-07 00:00:00",96955.97
"2025-01-08 00:00:00",95087.579
"2025-01-09 00:00:00",92486.335
"2025-01-10 00:00:00",94737.599
"2025-01-11 00:00:00",94593.304
"2025-01-12 00:00:00",94532.122
"2025-01-13 00:00:00",94552.744
"2025-01-14 00:00:00",96549.051
"2025-01-15 00:00:00",100457.389
"2025-01-16 00:00:00",100023.467
"2025-01-17 00:00:00",104127.236
"2025-01-18 00:00:00",104509.108
"2025-01-19 00:00:00",101365.646
"2025-01-20 00:00:00",102220.566
"2025-01-21 00:00:00",106154.154
"2025-01-22 00:00:00",103695.656
"2025-01-23 00:00:00",104000.856
"2025-01-24 00:00:00",104855.533
"2025-01-25 00:00:00",104758.213
"2025-01-26 00:00:00",102663.1
"2025-01-27 00:00:00",102097.07
"2025-01-28 00:00:00",101362.523
"2025-01-29 00:00:00",103750.36
"2025-01-30 00:00:00",104770.263
"2025-01-31 00:00:00",102422.596
"2025-02-01 00:00:00",100663.957
"2025-02-02 00:00:00",97712.418
"2025-02-03 00:00:00",101347.165
"2025-02-04 00:00:00",97855.977
"2025-02-05 00:00:00",96626.783
"2025-02-06 00:00:00",96593.087
"2025-02-07 00:00:00",96528.996
"2025-02-08 00:00:00",96500.666
"2025-02-09 00:00:00",96502.91
"2025-02-10 00:00:00",97425.785
"2025-02-11 00:00:00",95790.383
"2025-02-12 00:00:00",97874.928
"2025-02-13 00:00:00",96622.798
"2025-02-14 00:00:00",97510.256
"2025-02-15 00:00:00",97590.693
"2025-02-16 00:00:00",96165.996
"2025-02-17 00:00:00",95807.592
"2025-02-18 00:00:00",95611.256
"2025-02-19 00:00:00",96646.715
"2025-02-20 00:00:00",98339.541
"2025-02-21 00:00:00",96174.54
"2025-02-22 00:00:00",96593.017
"2025-02-23 00:00:00",96287.774
"2025-02-24 00:00:00",91553.604
"2025-02-25 00:00:00",88742.649
"2025-02-26 00:00:00",84142.549
"2025-02-27 00:00:00",84774.609
"2025-02-28 00:00:00",84388.922
"2025-03-01 00:00:00",86046.183
"2025-03-02 00:00:00",94228.36
"2025-03-03 00:00:00",86199.226
"2025-03-04 00:00:00",87299.692
"2025-03-05 00:00:00",90609.188
"2025-03-06 00:00:00",90005.394
"2025-03-07 00:00:00",86767.556
"2025-03-08 00:00:00",86201.971
"2025-03-09 00:00:00",80715.833
"2025-03-10 00:00:00",78739.861
"2025-03-11 00:00:00",82879.446
"2025-03-12 00:00:00",83729.116
"2025-03-13 00:00:00",81131.725
"2025-03-14 00:00:00",84262.358
"2025-03-15 00:00:00",84367.803
"2025-03-16 00:00:00",82602.284
"2025-03-17 00:00:00",84048.153
"2025-03-18 00:00:00",82747.273
"2025-03-19 00:00:00",86819.739
"2025-03-20 00:00:00",84226.21
"2025-03-21 00:00:00",84086.816
"2025-03-22 00:00:00",83851.694
"2025-03-23 00:00:00",86010.521
"2025-03-24 00:00:00",87475.51
"2025-03-25 00:00:00",87468.5
"2025-03-26 00:00:00",86927.796
"2025-03-27 00:00:00",87223.882
"2025-03-28 00:00:00",84394.666
"2025-03-29 00:00:00",82651.045
"2025-03-30 00:00:00",82381.072
"2025-03-31 00:00:00",82568.787
"2025-04-01 00:00:00",85234.315
"2025-04-02 00:00:00",82715.134
"2025-04-03 00:00:00",83172.445
"2025-04-04 00:00:00",83905.496
"2025-04-05 00:00:00",83568.802
"2025-04-06 00:00:00",78286.201
"2025-04-07 00:00:00",79232.802
"2025-04-08 00:00:00",76370.456
"2025-04-09 00:00:00",82620.916
"2025-04-10 00:00:00",79610.031
"2025-04-11 00:00:00",83485.581
"2025-04-12 00:00:00",85296.718
"2025-04-13 00:00:00",83737.252
"2025-04-14 00:00:00",84589.088
"2025-04-15 00:00:00",83688.206
"2025-04-16 00:00:00",84060.361
"2025-04-17 00:00:00",84943.805
"2025-04-18 00:00:00",84490.731
"2025-04-19 00:00:00",85092.83
"2025-04-20 00:00:00",85197.582
"2025-04-21 00:00:00",87538.4
"2025-04-22 00:00:00",93438.838
"2025-04-23 00:00:00",93698.241
"2025-04-24 00:00:00",93967.117
"2025-04-25 00:00:00",94692.513
"2025-04-26 00:00:00",94651.036
"2025-04-27 00:00:00",93768.723
"2025-04-28 00:00:00",95017.351
"2025-04-29 00:00:00",94249.035
"2025-04-30 00:00:00",94204.057
"2025-05-01 00:00:00",96512.696
"2025-05-02 00:00:00",96918.126
"2025-05-03 00:00:00",95902.679
"2025-05-04 00:00:00",94347.069
"2025-05-05 00:00:00",94756.886
"2025-05-06 00:00:00",96798.314
"2025-05-07 00:00:00",97151.387
"2025-05-08 00:00:00",103043.546
"2025-05-09 00:00:00",102912.25
"2025-05-10 00:00:00",104643.268
"2025-05-11 00:00:00",104027.826
"2025-05-12 00:00:00",102776.643
"2025-05-13 00:00:00",103897.142
"2025-05-14 00:00:00",103354.553
"2025-05-15 00:00:00",103783.769
"2025-05-16 00:00:00",103501.105
"2025-05-17 00:00:00",103169.299
"2025-05-18 00:00:00",106471.533
"2025-05-19 00:00:00",105600.367
"2025-05-20 00:00:00",106824.256
"2025-05-21 00:00:00",109669.926
"2025-05-22 00:00:00",111717.449
"2025-05-23 00:00:00",107311.102
"2025-05-24 00:00:00",107793.68
"2025-05-25 00:00:00",109037.486
"2025-05-26 00:00:00",109490.721
"2025-05-27 00:00:00",108978.798
"2025-05-28 00:00:00",107824.497
"2025-05-29 00:00:00",105630.97
"2025-05-30 00:00:00",104027.972
"2025-05-31 00:00:00",104642.096
"2025-06-01 00:00:00",105669.208
"2025-06-02 00:00:00",105896.26
"2025-06-03 00:00:00",105427.112
"2025-06-04 00:00:00",104742.29
"2025-06-05 00:00:00",101574.036
"2025-06-06 00:00:00",104357.685
"2025-06-07 00:00:00",105602.121
"2025-06-08 00:00:00",105772.171
"2025-06-09 00:00:00",110292.859
"2025-06-10 00:00:00",109767.101
"2025-06-11 00:00:00",108695.949
"2025-06-12 00:00:00",105818.169
"2025-06-13 00:00:00",106103.461
"2025-06-14 00:00:00",105425.627
"2025-06-15 00:00:00",105599.672
"2025-06-16 00:00:00",106802.534
"2025-06-17 00:00:00",104606.733
"2025-06-18 00:00:00",104908.386
"2025-06-19 00:00:00",104706.967
"2025-06-20 00:00:00",103331.668
"2025-06-21 00:00:00",102056.191
"2025-06-22 00:00:00",100972.013
"2025-06-23 00:00:00",105412.91
"2025-06-24 00:00:00",106071.583
"2025-06-25 00:00:00",107349.76
"2025-06-26 00:00:00",106974.811
"2025-06-27 00:00:00",107083.854
"2025-06-28 00:00:00",107334.212
"2025-06-29 00:00:00",108369.516
"2025-06-30 00:00:00",107159.736
"2025-07-01 00:00:00",105720.322
"2025-07-02 00:00:00",108849.655
"2025-07-03 00:00:00",109635.447
"2025-07-04 00:00:00",108021.969
"2025-07-05 00:00:00",108221.849
"2025-07-06 00:00:00",109237.991
"2025-07-07 00:00:00",108056.291
"2025-07-08 00:00:00",108964.669
"2025-07-09 00:00:00",111268.257
"2025-07-10 00:00:00",113369.267
"2025-07-11 00:00:00",117557.103
"2025-07-12 00:00:00",117417.806
"2025-07-13 00:00:00",118623.267
"2025-07-14 00:00:00",119882.382
"2025-07-15 00:00:00",117854.117
"2025-07-16 00:00:00",118702.37
"2025-07-17 00:00:00",119242.561
"2025-07-18 00:00:00",117735.361
"2025-07-19 00:00:00",117841.978
"2025-07-20 00:00:00",117550.47
"2025-07-21 00:00:00",117413.726
"2025-07-22 00:00:00",119877.99
"2025-07-23 00:00:00",118599.342
"2025-07-24 00:00:00",118351.102
"2025-07-25 00:00:00",117642.191
"2025-07-26 00:00:00",117930.845
"2025-07-27 00:00:00",119440.093
"2025-07-28 00:00:00",118011.0
"2025-07-29 00:00:00",117872.711
"2025-07-30 00:00:00",117871.447
"2025-07-31 00:00:00",116095.244
"2025-08-01 00:00:00",113161.488
"2025-08-02 00:00:00",112901.722
"2025-08-03 00:00:00",114350.479
"2025-08-04 00:00:00",115336.023
"2025-08-05 00:00:00",114165.351
"2025-08-06 00:00:00",115139.11
"2025-08-07 00:00:00",117603.693
"2025-08-08 00:00:00",116918.731
"2025-08-09 00:00:00",116645.331
"2025-08-10 00:00:00",119019.762
"2025-08-11 00:00:00",118926.002
"2025-08-12 00:00:00",119995.468
"2025-08-13 00:00:00",123071.068
"2025-08-14 00:00:00",118324.049
"2025-08-15 00:00:00",117256.591
"2025-08-16 00:00:00",117447.732
"2025-08-17 00:00:00",117434.625
"2025-08-18 00:00:00",116144.171
"2025-08-19 00:00:00",113236.809
"2025-08-20 00:00:00",114599.733
"2025-08-21 00:00:00",112511.432
"2025-08-22 00:00:00",116727.961
"2025-08-23 00:00:00",115297.092
"2025-08-24 00:00:00",113471.563
"2025-08-25 00:00:00",110160.992
"2025-08-26 00:00:00",111879.471
"2025-08-27 00:00:00",111366.679
"2025-08-28 00:00:00",112457.951
"2025-08-29 00:00:00",108404.385
"2025-08-30 00:00:00",108465.329
"2025-08-31 00:00:00",108780.25
"2025-09-01 00:00:00",109080.379
"2025-09-02 00:00:00",111215.636
"2025-09-03 00:00:00",111975.928
"2025-09-04 00:00:00",111106.536
"2025-09-05 00:00:00",110642.954
"2025-09-06 00:00:00",110088.926
"2025-09-07 00:00:00",111141.849
"2025-09-08 00:00:00",112026.358
"2025-09-09 00:00:00",111575.032
"2025-09-10 00:00:00",113883.136
"2025-09-11 00:00:00",115405.166
"2025-09-12 00:00:00",116055.901
"2025-09-13 00:00:00",115809.759
"2025-09-14 00:00:00",115847.855
"2025-09-15 00:00:00",115230.065
"2025-09-16 00:00:00",116815.049
"2025-09-17 00:00:00",116700.409
"2025-09-18 00:00:00",117004.264
"2025-09-19 00:00:00",115604.152
"2025-09-20 00:00:00",115789.362
"2025-09-21 00:00:00",115501.409
"2025-09-22 00:00:00",112705.255
"2025-09-23 00:00:00",112061.214
"2025-09-24 00:00:00",113270.271
"2025-09-25 00:00:00",109321.196
"2025-09-26 00:00:00",109635.207
"2025-09-27 00:00:00",109629.752
"2025-09-28 00:00:00",112037.927
"2025-09-29 00:00:00",114435.974
"2025-09-30 00:00:00",113950.71
"2025-10-01 00:00:00",117877.955
"2025-10-02 00:00:00",120578.999
"2025-10-03 00:00:00",122501.475
"2025-10-04 00:00:00",122417.449
"2025-10-05 00:00:00",123509.237
"2025-10-06 00:00:00",124748.854
"2025-10-07 00:00:00",121431.058
"2025-10-08 00:00:00",123361.832
"2025-10-09 00:00:00",121692.393
"2025-10-10 00:00:00",112926.108
"2025-10-11 00:00:00",110689.065
"2025-10-12 00:00:00",115048.08
"2025-10-13 00:00:00",115150.503
"2025-10-14 00:00:00",113083.964
"2025-10-15 00:00:00",110757.102
"2025-10-16 00:00:00",108196.725
"2025-10-17 00:00:00",107033.901
"2025-10-18 00:00:00",107164.63
"2025-10-19 00:00:00",109192.042
"2025-10-20 00:00:00",110842.015
"2025-10-21 00:00:00",109077.827
"2025-10-22 00:00:00",107182.407
"2025-10-23 00:00:00",109987.976
"2025-10-24 00:00:00",111027.325
"2025-10-25 00:00:00",111667.695
"2025-10-26 00:00:00",114528.764
"2025-10-27 00:00:00",114147.185
"2025-10-28 00:00:00",112949.575
"2025-10-29 00:00:00",110071.906
"2025-10-30 00:00:00",107904.575
"2025-10-31 00:00:00",109602.131
"2025-11-01 00:00:00",110104.334
"2025-11-02 00:00:00",110611.131
"2025-11-03 00:00:00",106610.651
"2025-11-04 00:00:00",101558.645
"2025-11-05 00:00:00",103907.142
"2025-11-06 00:00:00",101351.757
"2025-11-07 00:00:00",103376.825
"2025-11-08 00:00:00",102335.16
"2025-11-09 00:00:00",104754.784
"2025-11-10 00:00:00",106023.042
"2025-11-11 00:00:00",103073.164
"2025-11-12 00:00:00",101963.695
"2025-11-13 00:00:00",99832.965
"2025-11-14 00:00:00",95095.787
"2025-11-15 00:00:00",95601.223
"2025-11-16 00:00:00",94248.214
"2025-11-17 00:00:00",92216.331
"2025-11-18 00:00:00",93183.038
"2025-11-19 00:00:00",91546.044
"2025-11-20 00:00:00",88123.514
"2025-11-21 00:00:00",84350.983
"2025-11-22 00:00:00",85114.131
"2025-11-23 00:00:00",87962.8
"2025-11-24 00:00:00",88685.639
"2025-11-25 00:00:00",87632.782
"2025-11-26 00:00:00",90395.978
"2025-11-27 00:00:00",91349.865
"2025-11-28 00:00:00",90921.415
"2025-11-29 00:00:00",90773.077
"2025-11-30 00:00:00",91262.741
"2025-12-01 00:00:00",86337.861
"2025-12-02 00:00:00",91308.255
"2025-12-03 00:00:00",93472.257
"2025-12-04 00:00:00",92111.79
"2025-12-05 00:00:00",89368.958
"2025-12-06 00:00:00",89242.078
"2025-12-07 00:00:00",90439.224
"2025-12-08 00:00:00",90640.188
"2025-12-09 00:00:00",92712.068
"2025-12-10 00:00:00",92026.999
"2025-12-11 00:00:00",92515.523
"2025-12-12 00:00:00",90276.724
"2025-12-13 00:00:00",90266.556
"2025-12-14 00:00:00",88179.1
"2025-12-15 00:00:00",86225.656
"2025-12-16 00:00:00",87804.99
"2025-12-17 00:00:00",86336.003
"2025-12-18 00:00:00",85636.282
"2025-12-19 00:00:00",88291.075
"2025-12-20 00:00:00",88308.679
"2025-12-21 00:00:00",88477.561
"2025-12-22 00:00:00",88643.211
"2025-12-23 00:00:00",87395.744
"2025-12-24 00:00:00",87993.329
"2025-12-25 00:00:00",87659.226
"2025-12-26 00:00:00",87485.394
"2025-12-27 00:00:00",87606.666
"2025-12-28 00:00:00",87867.48
